-- phpMyAdmin SQL Dump
-- version 4.5.1
-- http://www.phpmyadmin.net
--
-- Host: 127.0.0.1
-- Generation Time: May 06, 2017 at 06:43 PM
-- Server version: 10.1.13-MariaDB
-- PHP Version: 5.6.21

SET SQL_MODE = "NO_AUTO_VALUE_ON_ZERO";
SET time_zone = "+00:00";


/*!40101 SET @OLD_CHARACTER_SET_CLIENT=@@CHARACTER_SET_CLIENT */;
/*!40101 SET @OLD_CHARACTER_SET_RESULTS=@@CHARACTER_SET_RESULTS */;
/*!40101 SET @OLD_COLLATION_CONNECTION=@@COLLATION_CONNECTION */;


--
-- Database: `shopping`
--

-- --------------------------------------------------------

--
-- Table structure for table `admin`
--

CREATE TABLE `admin` (
  `id` int(11) NOT NULL,
  `username` varchar(255) NOT NULL,
  `password` varchar(255) NOT NULL,
  `creationDate` timestamp NOT NULL DEFAULT CURRENT_TIMESTAMP,
  `updationDate` varchar(255) NOT NULL
) ENGINE=InnoDB DEFAULT CHARSET=latin1;

--
-- Dumping data for table `admin`
--

INSERT INTO `admin` (`id`, `username`, `password`, `creationDate`, `updationDate`) VALUES
(1, 'admin', '221eec8fa3f1358f4b52f5c8c8aec0e1', '2017-01-24 16:21:18', '02-05-2017 08:49:40 PM');

-- --------------------------------------------------------

--
-- Table structure for table `category`
--

CREATE TABLE `category` (
  `id` int(11) NOT NULL,
  `categoryName` varchar(255) NOT NULL,
  `categoryDescription` longtext NOT NULL,
  `creationDate` timestamp NOT NULL DEFAULT CURRENT_TIMESTAMP,
  `updationDate` varchar(255) NOT NULL
) ENGINE=InnoDB DEFAULT CHARSET=latin1;

--
-- Dumping data for table `category`
--

INSERT INTO `category` (`id`, `categoryName`, `categoryDescription`, `creationDate`, `updationDate`) VALUES
(3, 'Books', 'Test anuj', '2017-01-24 19:17:37', '30-01-2017 12:22:24 AM'),
(4, 'Electronics', 'Electronic Products', '2017-01-24 19:19:32', ''),
(5, 'Furniture', 'test', '2017-01-24 19:19:54', ''),
(6, 'Fashion', 'Fashion', '2017-02-20 19:18:52', ''),
(7, 'Sportswear', 'sports ', '2017-05-02 15:22:50', '03-05-2017 01:53:01 AM');

-- --------------------------------------------------------

--
-- Table structure for table `orders`
--

CREATE TABLE `orders` (
  `id` int(11) NOT NULL,
  `userId` int(11) NOT NULL,
  `productId` varchar(255) NOT NULL,
  `quantity` int(11) NOT NULL,
  `orderDate` timestamp NOT NULL DEFAULT CURRENT_TIMESTAMP,
  `paymentMethod` varchar(50) DEFAULT NULL,
  `orderStatus` varchar(55) DEFAULT NULL
) ENGINE=InnoDB DEFAULT CHARSET=latin1;

--
-- Dumping data for table `orders`
--

INSERT INTO `orders` (`id`, `userId`, `productId`, `quantity`, `orderDate`, `paymentMethod`, `orderStatus`) VALUES
(1, 1, '3', 1, '2017-03-07 19:32:57', 'COD', NULL),
(3, 1, '4', 1, '2017-03-10 19:43:04', 'Debit / Credit card', 'Delivered'),
(4, 1, '17', 1, '2017-03-08 16:14:17', 'COD', 'in Process'),
(5, 1, '3', 1, '2017-03-08 19:21:38', 'COD', NULL),
(6, 1, '4', 1, '2017-03-08 19:21:38', 'COD', NULL),
(7, 1, '11', 1, '2017-05-02 16:10:00', 'Debit / Credit card', NULL),
(8, 1, '22', 1, '2017-05-02 16:10:00', 'Debit / Credit card', NULL),
(9, 1, '23', 1, '2017-05-02 16:20:33', 'Debit / Credit card', NULL),
(10, 1, '3', 1, '2017-03-08 19:21:38', 'COD', 'Delivered'),
(11, 9, '11', 1, '2017-05-03 21:35:08', 'Debit / Credit card', NULL),
(12, 9, '44', 1, '2017-05-03 21:35:08', 'Debit / Credit card', NULL);

-- --------------------------------------------------------

--
-- Table structure for table `ordertrackhistory`
--

CREATE TABLE `ordertrackhistory` (
  `id` int(11) NOT NULL,
  `orderId` int(11) NOT NULL,
  `status` varchar(255) NOT NULL,
  `remark` mediumtext NOT NULL,
  `postingDate` timestamp NOT NULL DEFAULT CURRENT_TIMESTAMP
) ENGINE=InnoDB DEFAULT CHARSET=latin1;

--
-- Dumping data for table `ordertrackhistory`
--

INSERT INTO `ordertrackhistory` (`id`, `orderId`, `status`, `remark`, `postingDate`) VALUES
(1, 3, 'in Process', 'Order has been Shipped.', '2017-03-10 19:36:45'),
(2, 1, 'Delivered', 'Order Has been delivered', '2017-03-10 19:37:31'),
(3, 3, 'Delivered', 'Product delivered successfully', '2017-03-10 19:43:04'),
(4, 4, 'in Process', 'Product ready for Shipping', '2017-03-10 19:50:36');

-- --------------------------------------------------------

--
-- Table structure for table `productreviews`
--

CREATE TABLE `productreviews` (
  `id` int(11) NOT NULL,
  `productId` int(11) NOT NULL,
  `quality` int(11) NOT NULL,
  `price` int(11) NOT NULL,
  `value` int(11) NOT NULL,
  `name` varchar(255) NOT NULL,
  `summary` varchar(255) NOT NULL,
  `review` longtext NOT NULL,
  `reviewDate` timestamp NOT NULL DEFAULT CURRENT_TIMESTAMP
) ENGINE=InnoDB DEFAULT CHARSET=latin1;

--
-- Dumping data for table `productreviews`
--

INSERT INTO `productreviews` (`id`, `productId`, `quality`, `price`, `value`, `name`, `summary`, `review`, `reviewDate`) VALUES
(2, 3, 4, 5, 5, 'Anuj Kumar', 'BEST PRODUCT FOR ME :)', 'BEST PRODUCT FOR ME :)', '2017-02-26 20:43:57'),
(3, 3, 3, 4, 3, 'Sarita pandey', 'Nice Product', 'Value for money', '2017-02-26 20:52:46'),
(4, 3, 3, 4, 3, 'Sarita pandey', 'Nice Product', 'Value for money', '2017-02-26 20:59:19'),
(5, 21, 5, 5, 4, 'yogesh', 'test', 'best legacy joggers', '2017-05-02 15:56:47');

-- --------------------------------------------------------

--
-- Table structure for table `products`
--

CREATE TABLE `products` (
  `id` int(11) NOT NULL,
  `category` int(11) NOT NULL,
  `subCategory` int(11) NOT NULL,
  `productName` varchar(255) NOT NULL,
  `productCompany` varchar(255) NOT NULL,
  `productPrice` int(11) NOT NULL,
  `productPriceBeforeDiscount` int(11) NOT NULL,
  `productDescription` longtext NOT NULL,
  `productImage1` varchar(255) NOT NULL,
  `productImage2` varchar(255) NOT NULL,
  `productImage3` varchar(255) NOT NULL,
  `shippingCharge` int(11) NOT NULL,
  `productAvailability` varchar(255) NOT NULL,
  `postingDate` timestamp NOT NULL DEFAULT CURRENT_TIMESTAMP,
  `updationDate` varchar(255) NOT NULL
) ENGINE=InnoDB DEFAULT CHARSET=latin1;

--
-- Dumping data for table `products`
--

INSERT INTO `products` (`id`, `category`, `subCategory`, `productName`, `productCompany`, `productPrice`, `productPriceBeforeDiscount`, `productDescription`, `productImage1`, `productImage2`, `productImage3`, `shippingCharge`, `productAvailability`, `postingDate`, `updationDate`) VALUES
(1, 4, 3, 'Micromax 81cm (32) HD', 'Micromax test', 139900, 0, '<div class="HoUsOy" style="box-sizing: border-box; margin: 0px; padding: 0px 0px 16px; font-size: 18px; white-space: nowrap; line-height: 1.4; color: rgb(33, 33, 33); font-family: Roboto, Arial, sans-serif;">General</div><ul style="box-sizing: border-box; margin-bottom: 0px; margin-left: 0px; color: rgb(33, 33, 33); font-family: Roboto, Arial, sans-serif; font-size: 14px;"><li class="_1KuY3T row" style="box-sizing: border-box; margin: 0px; padding: 0px 0px 16px; list-style: none; display: flex; flex-flow: row wrap; width: 731px;"><div class="vmXPri col col-3-12" style="box-sizing: border-box; margin: 0px; padding: 0px 8px 0px 0px; width: 182.75px; display: inline-block; vertical-align: top; color: rgb(135, 135, 135);">Sales Package</div><ul class="_3dG3ix col col-9-12" style="box-sizing: border-box; margin-left: 0px; width: 548.25px; display: inline-block; vertical-align: top; line-height: 1.4;"><li class="sNqDog" style="box-sizing: border-box; margin: 0px; padding: 0px; list-style: none;">1 TV Unit, Remote Controller, Battery (For Remote Controller), Quick Installation Guide and User Manual: All in One, Wall Mount Support</li></ul></li><li class="_1KuY3T row" style="box-sizing: border-box; margin: 0px; padding: 0px 0px 16px; list-style: none; display: flex; flex-flow: row wrap; width: 731px;"><div class="vmXPri col col-3-12" style="box-sizing: border-box; margin: 0px; padding: 0px 8px 0px 0px; width: 182.75px; display: inline-block; vertical-align: top; color: rgb(135, 135, 135);">Model Name</div><ul class="_3dG3ix col col-9-12" style="box-sizing: border-box; margin-left: 0px; width: 548.25px; display: inline-block; vertical-align: top; line-height: 1.4;"><li class="sNqDog" style="box-sizing: border-box; margin: 0px; padding: 0px; list-style: none;">32T6175MHD</li></ul></li><li class="_1KuY3T row" style="box-sizing: border-box; margin: 0px; padding: 0px 0px 16px; list-style: none; display: flex; flex-flow: row wrap; width: 731px;"><div class="vmXPri col col-3-12" style="box-sizing: border-box; margin: 0px; padding: 0px 8px 0px 0px; width: 182.75px; display: inline-block; vertical-align: top; color: rgb(135, 135, 135);">Display Size</div><ul class="_3dG3ix col col-9-12" style="box-sizing: border-box; margin-left: 0px; width: 548.25px; display: inline-block; vertical-align: top; line-height: 1.4;"><li class="sNqDog" style="box-sizing: border-box; margin: 0px; padding: 0px; list-style: none;">81 cm (32)</li></ul></li><li class="_1KuY3T row" style="box-sizing: border-box; margin: 0px; padding: 0px 0px 16px; list-style: none; display: flex; flex-flow: row wrap; width: 731px;"><div class="vmXPri col col-3-12" style="box-sizing: border-box; margin: 0px; padding: 0px 8px 0px 0px; width: 182.75px; display: inline-block; vertical-align: top; color: rgb(135, 135, 135);">Screen Type</div><ul class="_3dG3ix col col-9-12" style="box-sizing: border-box; margin-left: 0px; width: 548.25px; display: inline-block; vertical-align: top; line-height: 1.4;"><li class="sNqDog" style="box-sizing: border-box; margin: 0px; padding: 0px; list-style: none;">LED</li></ul></li><li class="_1KuY3T row" style="box-sizing: border-box; margin: 0px; padding: 0px 0px 16px; list-style: none; display: flex; flex-flow: row wrap; width: 731px;"><div class="vmXPri col col-3-12" style="box-sizing: border-box; margin: 0px; padding: 0px 8px 0px 0px; width: 182.75px; display: inline-block; vertical-align: top; color: rgb(135, 135, 135);">HD Technology &amp; Resolutiontest</div><ul class="_3dG3ix col col-9-12" style="box-sizing: border-box; margin-left: 0px; width: 548.25px; display: inline-block; vertical-align: top; line-height: 1.4;"><li class="sNqDog" style="box-sizing: border-box; margin: 0px; padding: 0px; list-style: none;">HD Ready, 1366 x 768</li></ul></li></ul>', 'micromax1.jpeg', 'micromax main image.jpg', 'micromax main image.jpg', 1200, 'In Stock', '2017-01-30 16:54:35', ''),
(2, 4, 4, 'Apple iPhone 6 (Silver, 16 GB)', 'Apple INC', 36990, 0, '<div class="_2PF8IO" style="box-sizing: border-box; margin: 0px 0px 0px 110px; padding: 0px; flex: 1 1 0%; color: rgb(33, 33, 33); font-family: Roboto, Arial, sans-serif; font-size: 14px;"><ul style="box-sizing: border-box; margin-bottom: 0px; margin-left: 0px;"><li class="_1tMfkh" style="box-sizing: border-box; margin: 0px; padding: 0px 0px 8px 16px; list-style: none; position: relative;">1 GB RAM | 16 GB ROM |</li><li class="_1tMfkh" style="box-sizing: border-box; margin: 0px; padding: 0px 0px 8px 16px; list-style: none; position: relative;">4.7 inch Retina HD Display</li><li class="_1tMfkh" style="box-sizing: border-box; margin: 0px; padding: 0px 0px 8px 16px; list-style: none; position: relative;">8MP Primary Camera | 1.2MP Front</li><li class="_1tMfkh" style="box-sizing: border-box; margin: 0px; padding: 0px 0px 8px 16px; list-style: none; position: relative;">Li-Ion Battery</li><li class="_1tMfkh" style="box-sizing: border-box; margin: 0px; padding: 0px 0px 8px 16px; list-style: none; position: relative;">A8 Chip with 64-bit Architecture and M8 Motion Co-processor Processor</li></ul></div>', 'apple-iphone-6-1.jpeg', 'apple-iphone-6-2.jpeg', 'apple-iphone-6-3.jpeg', 0, 'In Stock', '2017-01-30 16:59:00', ''),
(3, 4, 4, 'Redmi Note 4 (Gold, 32 GB)', 'Redmi', 10999, 0, '<br><div><ol><li>3 GB RAM | 32 GB ROM | Expandable Upto 128 GB<br></li><li>5.5 inch Full HD Display<br></li><li>13MP Primary Camera | 5MP Front<br></li><li>4100 mAh Li-Polymer Battery<br></li><li>Qualcomm Snapdragon 625 64-bit Processor<br></li></ol></div>', 'mi-redmi-note-4-1.jpeg', 'mi-redmi-note-4-2.jpeg', 'mi-redmi-note-4-3.jpeg', 0, 'In Stock', '2017-02-04 04:03:15', ''),
(4, 4, 4, 'Lenovo K6 Power (Silver, 32 GB) ', 'Lenovo', 9999, 0, '<ul><li>3 GB RAM | 32 GB ROM | Expandable Upto 128 GB<br></li><li>5 inch Full HD Display<br></li><li>13MP Primary Camera | 8MP Front<br></li><li>4000 mAh Li-Polymer Battery<br></li><li>Qualcomm Snapdragon 430 Processor<br></li></ul>', 'lenovo-k6-power-k33a42-1.jpeg', 'lenovo-k6-power-k33a42-2.jpeg', 'lenovo-k6-power-k33a42-3.jpeg', 45, 'In Stock', '2017-02-04 04:04:43', ''),
(5, 4, 4, 'Lenovo Vibe K5 Note (Gold, 32 GB)  ', 'Lenovo', 11999, 0, '<ul><li>3 GB RAM | 32 GB ROM | Expandable Upto 128 GB<br></li><li>5.5 inch Full HD Display<br></li><li>13MP Primary Camera | 8MP Front<br></li><li>3500 mAh Li-Ion Polymer Battery<br></li><li>Helio P10 64-bit Processor<br></li></ul>', 'lenovo-k5-note-pa330010in-1.jpeg', 'lenovo-k5-note-pa330116in-2.jpeg', 'lenovo-k5-note-pa330116in-3.jpeg', 0, 'In Stock', '2017-02-04 04:06:17', ''),
(6, 4, 4, 'Micromax Canvas Mega 4G', 'Micromax', 6999, 0, '<ul><li>3 GB RAM | 16 GB ROM |<br></li><li>5.5 inch HD Display<br></li><li>13MP Primary Camera | 5MP Front<br></li><li>2500 mAh Battery<br></li><li>MT6735 Processor<br></li></ul>', 'micromax-canvas-mega-4g-1.jpeg', 'micromax-canvas-mega-4g-2.jpeg', 'micromax-canvas-mega-4g-3.jpeg', 35, 'In Stock', '2017-02-04 04:08:07', ''),
(7, 4, 4, 'SAMSUNG Galaxy On5', 'SAMSUNG', 7490, 0, '<ul><li>1.5 GB RAM | 8 GB ROM | Expandable Upto 128 GB<br></li><li>5 inch HD Display<br></li><li>8MP Primary Camera | 5MP Front<br></li><li>2600 mAh Li-Ion Battery<br></li><li>Exynos 3475 Processor<br></li></ul>', 'samsung-galaxy-on7-sm-1.jpeg', 'samsung-galaxy-on5-sm-2.jpeg', 'samsung-galaxy-on5-sm-3.jpeg', 20, 'In Stock', '2017-02-04 04:10:17', ''),
(8, 4, 4, 'OPPO A57', 'OPPO', 14990, 0, '<ul><li>3 GB RAM | 32 GB ROM | Expandable Upto 256 GB<br></li><li>5.2 inch HD Display<br></li><li>13MP Primary Camera | 16MP Front<br></li><li>2900 mAh Battery<br></li><li>Qualcomm MSM8940 64-bit Processor<br></li></ul>', 'oppo-a57-na-original-1.jpeg', 'oppo-a57-na-original-2.jpeg', 'oppo-a57-na-original-3.jpeg', 0, 'In Stock', '2017-02-04 04:11:54', ''),
(9, 4, 5, 'Affix Back Cover for Mi Redmi Note 4', 'Techguru', 259, 0, '<ul><li>Suitable For: Mobile<br></li><li>Material: Polyurethane<br></li><li>Theme: No Theme<br></li><li>Type: Back Cover<br></li><li>Waterproof<br></li></ul>', 'amzer-amz98947-original-1.jpeg', 'amzer-amz98947-original-2.jpeg', 'amzer-amz98947-original-3.jpeg', 10, 'In Stock', '2017-02-04 04:17:03', ''),
(11, 4, 6, 'Acer ES 15 Pentium Quad Core', 'Acer', 19990, 0, '<ul><li>Intel Pentium Quad Core Processor ( )<br></li><li>4 GB DDR3 RAM<br></li><li>Linux/Ubuntu Operating System<br></li><li>1 TB HDD<br></li><li>15.6 inch Display<br></li></ul>', 'acer-aspire-notebook-original-1.jpeg', 'acer-aspire-notebook-original-2.jpeg', 'acer-aspire-notebook-original-3.jpeg', 0, 'In Stock', '2017-02-04 04:26:17', ''),
(12, 4, 6, 'Micromax Canvas Laptab II (WIFI) Atom 4th Gen', 'Micromax', 10999, 0, '<ul><li>Intel Atom Processor ( 4th Gen )<br></li><li>2 GB DDR3 RAM<br></li><li>32 bit Windows 10 Operating System<br></li><li>11.6 inch Touchscreen Display<br></li></ul>', 'micromax-lt777w-2-in-1-laptop-original-1.jpeg', 'micromax-lt777w-2-in-1-laptop-original-2.jpeg', 'micromax-lt777w-2-in-1-laptop-original-3.jpeg', 0, 'In Stock', '2017-02-04 04:28:17', ''),
(13, 4, 6, 'HP Core i5 5th Gen', 'HP', 41990, 0, '<span style="color: rgb(33, 33, 33); font-family: Roboto, Arial, sans-serif; font-size: 18px;">HP Core i5 5th Gen - (4 GB/1 TB HDD/Windows 10 Home/2 GB Graphics) N8M28PA 15-ac123tx Notebook</span><span style="color: rgb(33, 33, 33); font-family: Roboto, Arial, sans-serif; font-size: 18px;">&nbsp;&nbsp;(15.6 inch, Turbo SIlver, 2.19 kg)</span><br><div><ul><li>Intel Core i5 Processor ( 5th Gen )<br></li><li>4 GB DDR3 RAM<br></li><li>64 bit Windows 10 Operating System<br></li><li>1 TB HDD<br></li><li>15.6 inch Display<br></li></ul></div>', 'hp-notebook-original-1.jpeg', 'hp-notebook-original-2.jpeg', 'hp-notebook-original-3.jpeg', 0, 'In Stock', '2017-02-04 04:30:24', ''),
(14, 4, 6, 'Lenovo Ideapad 110 APU', 'Lenovo', 22990, 0, '<span style="color: rgb(33, 33, 33); font-family: Roboto, Arial, sans-serif; font-size: 18px;">Lenovo Ideapad 110 APU Quad Core A6 6th Gen - (4 GB/500 GB HDD/Windows 10 Home) 80TJ00D2IH IP110 15ACL Notebook</span><span style="color: rgb(33, 33, 33); font-family: Roboto, Arial, sans-serif; font-size: 18px;">&nbsp;&nbsp;(15.6 inch, Black, 2.2 kg)</span><br><div><ul><li>AMD APU Quad Core A6 Processor ( 6th Gen )<br></li><li>4 GB DDR3 RAM<br></li><li>64 bit Windows 10 Operating System<br></li><li>500 GB HDD<br></li><li>15.6 inch Display<br></li></ul></div>', 'lenovo-ideapad-notebook-original-1.jpeg', 'lenovo-ideapad-notebook-original-2.jpeg', 'lenovo-ideapad-notebook-3.jpeg', 0, 'In Stock', '2017-02-04 04:32:15', ''),
(15, 3, 8, 'The Wimpy Kid Do -It- Yourself Book', 'ABC', 205, 250, '<span style="color: rgb(33, 33, 33); font-family: Roboto, Arial, sans-serif; font-size: 18px;">The Wimpy Kid Do -It- Yourself Book</span><span style="color: rgb(33, 33, 33); font-family: Roboto, Arial, sans-serif; font-size: 18px;">&nbsp;&nbsp;(English, Paperback, Jeff Kinney)</span><br><div><ul><li>Language: English<br></li><li>Binding: Paperback<br></li><li>Publisher: Penguin Books Ltd<br></li><li>ISBN: 9780141339665, 0141339667<br></li><li>Edition: 1<br></li></ul></div>', 'diary-of-a-wimpy-kid-do-it-yourself-book-original-1.jpeg', 'diary-of-a-wimpy-kid-do-it-yourself-book-original-1.jpeg', 'diary-of-a-wimpy-kid-do-it-yourself-book-original-1.jpeg', 50, 'In Stock', '2017-02-04 04:35:13', ''),
(16, 3, 8, 'Thea Stilton and the Tropical Treasure ', 'XYZ', 240, 0, '<ul><li>Language: English<br></li><li>Binding: Paperback<br></li><li>Publisher: Scholastic<br></li><li>ISBN: 9789351032083, 9351032086<br></li><li>Edition: 2015<br></li><li>Pages: 176<br></li></ul>', '22-thea-stilton-and-the-tropical-treasure-original-1.jpeg', '22-thea-stilton-and-the-tropical-treasure-original-1.jpeg', '22-thea-stilton-and-the-tropical-treasure-original-1.jpeg', 30, 'In Stock', '2017-02-04 04:36:23', ''),
(17, 5, 9, 'Induscraft Solid Wood King Bed With Storage', 'Induscraft', 32566, 0, '<span style="color: rgb(33, 33, 33); font-family: Roboto, Arial, sans-serif; font-size: 18px;">Induscraft Solid Wood King Bed With Storage</span><span style="color: rgb(33, 33, 33); font-family: Roboto, Arial, sans-serif; font-size: 18px;">&nbsp;&nbsp;(Finish Color - Honey Brown)</span><br><div><ul><li>Material Subtype: Rosewood (Sheesham)<br></li><li>W x H x D: 1850 mm x 875 mm x 2057.5 mm<br></li><li>Floor Clearance: 8 mm<br></li><li>Delivery Condition: Knock Down<br></li></ul></div>', 'inaf245-queen-rosewood-sheesham-induscraft-na-honey-brown-original-1.jpeg', 'inaf245-queen-rosewood-sheesham-induscraft-na-honey-brown-original-2.jpeg', 'inaf245-queen-rosewood-sheesham-induscraft-na-honey-brown-original-3.jpeg', 0, 'In Stock', '2017-02-04 04:40:37', ''),
(19, 6, 12, 'Asian Casuals  (White, White)', 'Asian', 379, 0, '<ul style="box-sizing: border-box; margin-bottom: 0px; margin-left: 0px; color: rgb(33, 33, 33); font-family: Roboto, Arial, sans-serif; font-size: 14px;"><li class="_2-riNZ" style="box-sizing: border-box; margin: 0px; padding: 0px 0px 8px 16px; list-style: none; position: relative;">Colour: White, White</li><li class="_2-riNZ" style="box-sizing: border-box; margin: 0px; padding: 0px 0px 0px 16px; list-style: none; position: relative;">Outer Material: Denim</li><li class="_1KuY3T row" style="box-sizing: border-box; margin: 0px; padding: 0px 0px 16px; list-style: none; display: flex; flex-flow: row wrap; width: 731px;"><div class="vmXPri col col-3-12" style="box-sizing: border-box; margin: 0px; padding: 0px 8px 0px 0px; width: 182.75px; display: inline-block; vertical-align: top; color: rgb(135, 135, 135);"><br></div></li></ul>', '1.jpeg', '2.jpeg', '3.jpeg', 45, 'In Stock', '2017-03-10 20:16:03', ''),
(20, 6, 12, 'Adidas MESSI 16.3 TF Football turf Shoes  (Blue)', 'Adidas', 4129, 5000, '<ul style="box-sizing: border-box; margin-bottom: 0px; margin-left: 0px; color: rgb(33, 33, 33); font-family: Roboto, Arial, sans-serif; font-size: 14px;"><li class="_2-riNZ" style="box-sizing: border-box; margin: 0px; padding: 0px 0px 8px 16px; list-style: none; position: relative;">Colour: Blue</li><li class="_2-riNZ" style="box-sizing: border-box; margin: 0px; padding: 0px 0px 0px 16px; list-style: none; position: relative;">Closure: Laced</li><li class="_1KuY3T row" style="box-sizing: border-box; margin: 0px; padding: 0px 0px 16px; list-style: none; display: flex; flex-flow: row wrap; width: 731px;"><div class="vmXPri col col-3-12" style="text-align: left; box-sizing: border-box; margin: 0px; padding: 0px 8px 0px 0px; width: 182.75px; display: inline-block; vertical-align: top; color: rgb(135, 135, 135);"><b>Weight</b></div><ul class="_3dG3ix col col-9-12" style="box-sizing: border-box; margin-left: 0px; width: 548.25px; display: inline-block; vertical-align: top; line-height: 1.4;"><li class="sNqDog" style="text-align: left; box-sizing: border-box; margin: 0px; padding: 0px; list-style: none;"><b>200 g (per single Shoe) - Weight of the product may vary depending on size.</b></li></ul></li><li class="_1KuY3T row" style="box-sizing: border-box; margin: 0px; padding: 0px 0px 16px; list-style: none; display: flex; flex-flow: row wrap; width: 731px;"><div class="vmXPri col col-3-12" style="text-align: left; box-sizing: border-box; margin: 0px; padding: 0px 8px 0px 0px; width: 182.75px; display: inline-block; vertical-align: top; color: rgb(135, 135, 135);"><b>Style</b></div><ul class="_3dG3ix col col-9-12" style="box-sizing: border-box; margin-left: 0px; width: 548.25px; display: inline-block; vertical-align: top; line-height: 1.4;"><li class="sNqDog" style="text-align: left; box-sizing: border-box; margin: 0px; padding: 0px; list-style: none;"><b>Panel and Stitch Detail, Textured Detail</b></li></ul></li><li class="_1KuY3T row" style="box-sizing: border-box; margin: 0px; padding: 0px 0px 16px; list-style: none; display: flex; flex-flow: row wrap; width: 731px;"><div class="vmXPri col col-3-12" style="text-align: left; box-sizing: border-box; margin: 0px; padding: 0px 8px 0px 0px; width: 182.75px; display: inline-block; vertical-align: top; color: rgb(135, 135, 135);"><b>Tip Shape</b></div><ul class="_3dG3ix col col-9-12" style="box-sizing: border-box; margin-left: 0px; width: 548.25px; display: inline-block; vertical-align: top; line-height: 1.4;"><li class="sNqDog" style="text-align: left; box-sizing: border-box; margin: 0px; padding: 0px; list-style: none;"><b>Round</b></li></ul></li><li class="_1KuY3T row" style="box-sizing: border-box; margin: 0px; padding: 0px 0px 16px; list-style: none; display: flex; flex-flow: row wrap; width: 731px;"><div class="vmXPri col col-3-12" style="text-align: left; box-sizing: border-box; margin: 0px; padding: 0px 8px 0px 0px; width: 182.75px; display: inline-block; vertical-align: top; color: rgb(135, 135, 135);"><b>Season</b></div><ul class="_3dG3ix col col-9-12" style="box-sizing: border-box; margin-left: 0px; width: 548.25px; display: inline-block; vertical-align: top; line-height: 1.4;"><li class="sNqDog" style="text-align: left; box-sizing: border-box; margin: 0px; padding: 0px; list-style: none;"><b>AW16</b></li></ul></li><li class="_1KuY3T row" style="box-sizing: border-box; margin: 0px; padding: 0px; list-style: none; display: flex; flex-flow: row wrap; width: 731px;"><div class="vmXPri col col-3-12" style="text-align: left; box-sizing: border-box; margin: 0px; padding: 0px 8px 0px 0px; width: 182.75px; display: inline-block; vertical-align: top; color: rgb(135, 135, 135);"><b>Closure</b></div><ul class="_3dG3ix col col-9-12" style="box-sizing: border-box; margin-left: 0px; width: 548.25px; display: inline-block; vertical-align: top; line-height: 1.4;"><li class="sNqDog" style="text-align: left; box-sizing: border-box; margin: 0px; padding: 0px; list-style: none;"><b>Laced</b></li></ul></li></ul>', '1.jpeg', '2.jpeg', '3.jpeg', 0, 'In Stock', '2017-03-10 20:19:22', ''),
(22, 6, 12, 'Nike Cortez shark Classic (White)', 'NIKE', 499, 900, '<ul style="margin-bottom: 0px; margin-left: 0px; box-sizing: border-box; color: rgb(33, 33, 33); font-family: Roboto, Arial, sans-serif; font-size: 14px;"><li class="_2-riNZ" style="text-align: justify; box-sizing: border-box; margin: 0px; padding: 0px 0px 8px 16px; list-style: none; position: relative;"><b>Colour &nbsp; &nbsp; &nbsp; &nbsp; &nbsp; &nbsp; &nbsp; &nbsp; &nbsp; &nbsp; &nbsp; &nbsp; &nbsp; &nbsp; &nbsp;&nbsp;white</b></li><li class="_2-riNZ" style="text-align: justify; box-sizing: border-box; margin: 0px; padding: 0px 0px 8px 16px; list-style: none; position: relative;"><b>sure</b>&nbsp; &nbsp; &nbsp; &nbsp; &nbsp; &nbsp; &nbsp; &nbsp; &nbsp; &nbsp; &nbsp; &nbsp; &nbsp; &nbsp; &nbsp; &nbsp; &nbsp;&nbsp;<b>Laced</b></li><li class="_1KuY3T row" style="margin: 0px; box-sizing: border-box; padding: 0px 0px 16px; list-style: none; display: flex; flex-flow: row wrap; width: 731px;"><div class="vmXPri col col-3-12" style="box-sizing: border-box; margin: 0px; padding: 0px 8px 0px 0px; width: 182.75px; display: inline-block; vertical-align: top; color: rgb(135, 135, 135);"><b>Weight</b></div><ul class="_3dG3ix col col-9-12" style="margin-left: 0px; box-sizing: border-box; width: 548.25px; display: inline-block; vertical-align: top; line-height: 1.4;"><li class="sNqDog" style="text-align: left; box-sizing: border-box; margin: 0px; padding: 0px; list-style: none;"><b>160 g (per single Shoe) - Weight of the product may vary depending on size.</b></li></ul></li><li class="_1KuY3T row" style="margin: 0px; box-sizing: border-box; padding: 0px 0px 16px; list-style: none; display: flex; flex-flow: row wrap; width: 731px;"><div class="vmXPri col col-3-12" style="box-sizing: border-box; margin: 0px; padding: 0px 8px 0px 0px; width: 182.75px; display: inline-block; vertical-align: top; color: rgb(135, 135, 135);"><b>Style</b></div><ul class="_3dG3ix col col-9-12" style="margin-left: 0px; box-sizing: border-box; width: 548.25px; display: inline-block; vertical-align: top; line-height: 1.4;"><li class="sNqDog" style="text-align: left; box-sizing: border-box; margin: 0px; padding: 0px; list-style: none;"><b>Panel and Stitch Detail, Textured Detail</b></li></ul></li><li class="_1KuY3T row" style="margin: 0px; box-sizing: border-box; padding: 0px 0px 16px; list-style: none; display: flex; flex-flow: row wrap; width: 731px;"><div class="vmXPri col col-3-12" style="box-sizing: border-box; margin: 0px; padding: 0px 8px 0px 0px; width: 182.75px; display: inline-block; vertical-align: top; color: rgb(135, 135, 135);"><b>Tip Shape</b></div><ul class="_3dG3ix col col-9-12" style="margin-left: 0px; box-sizing: border-box; width: 548.25px; display: inline-block; vertical-align: top; line-height: 1.4;"><li class="sNqDog" style="text-align: left; box-sizing: border-box; margin: 0px; padding: 0px; list-style: none;"><b>Round</b></li></ul></li><li class="_1KuY3T row" style="margin: 0px; box-sizing: border-box; padding: 0px; list-style: none; display: flex; flex-flow: row wrap; width: 731px;"><div class="vmXPri col col-3-12" style="box-sizing: border-box; margin: 0px; padding: 0px 8px 0px 0px; width: 182.75px; display: inline-block; vertical-align: top; color: rgb(135, 135, 135);"><b>Closure</b></div><ul class="_3dG3ix col col-9-12" style="margin-left: 0px; box-sizing: border-box; width: 548.25px; display: inline-block; vertical-align: top; line-height: 1.4;"><li class="sNqDog" style="text-align: left; box-sizing: border-box; margin: 0px; padding: 0px; list-style: none;"><b>Laced</b></li></ul></li></ul>', 'nike-cortez-shark-sp---all-white-4.jpg', 'download (1).jpg', '$_1.JPG', 49, 'In Stock', '2017-05-02 16:03:43', ''),
(23, 3, 8, 'Disney Bambi (English)', 'Disney ', 83, 99, '<span style="color: rgb(103, 103, 103); font-family: arial; font-size: 12px; text-align: justify;">This series invites the children to read along with their favorite icons and go on a journey into the world of the story and to transport them creatively into another world that is filled with fables and wondrous possibility. Bright and colorful illustrations. Children will love reading illustrative</span><br>', 'Bambi.jpg', 'Bambi.jpg', '', 0, 'In Stock', '2017-05-02 16:19:15', ''),
(24, 3, 8, 'The Jungle Book (English)', 'Jungle Book', 29, 49, '<span style="color: rgb(103, 103, 103); font-family: arial; font-size: 12px; text-align: justify;">The Jungle Book is a great story book series of all time. The exciting writing style and easy language keeps the reader engaged and entertained for hours. Introduce your child to the world of ageless stories and their characters. The figures drawn up to support the story help story move forward seam</span><br>', 'The Jungle Book.jpg', 'The Jungle Book.jpg', 'The Jungle Book.jpg', 0, 'In Stock', '2017-05-02 16:23:36', ''),
(25, 3, 8, 'Dreamland Jumbo Cartoon Coloring Book 3 ', 'Cartoon Network', 99, 120, '<span style="color: rgb(103, 103, 103); font-family: Arial; font-size: 12px; text-align: justify;">Jumbo Cartoon Coloring Book 3</span><br style="color: rgb(103, 103, 103); font-family: Arial; font-size: 12px; text-align: justify;"><br style="color: rgb(103, 103, 103); font-family: Arial; font-size: 12px; text-align: justify;"><span style="color: rgb(103, 103, 103); font-family: Arial; font-size: 12px; text-align: justify;">Jumbo Cartoon Coloring Book 3 is a fun for young learners coloring the funny characters in huge size.</span><br style="color: rgb(103, 103, 103); font-family: Arial; font-size: 12px; text-align: justify;"><br style="color: rgb(103, 103, 103); font-family: Arial; font-size: 12px; text-align: justify;"><span style="color: rgb(103, 103, 103); font-family: Arial; font-size: 12px; text-align: justify;">Features:</span><br style="color: rgb(103, 103, 103); font-family: Arial; font-size: 12px; text-align: justify;"><ol style="border: 0px; outline: 0px; font-size: 12px; vertical-align: baseline; background-image: initial; background-position: 0px 0px; background-size: initial; background-repeat: initial; background-attachment: initial; background-origin: initial; background-clip: initial; margin-top: 10px; margin-bottom: 0px; margin-left: 0px; list-style-position: initial; list-style-image: initial; color: rgb(103, 103, 103); font-family: Arial; text-align: justify;"><li style="border: 0px; outline: 0px; vertical-align: baseline; background: 0px 0px; margin: 0px; padding: 0px; list-style: disc;">Good for eduction</li><li style="border: 0px; outline: 0px; vertical-align: baseline; background: 0px 0px; margin: 0px; padding: 0px; list-style: disc;">Coloring book</li><li style="border: 0px; outline: 0px; vertical-align: baseline; background: 0px 0px; margin: 0px; padding: 0px; list-style: disc;">Recommended Age - 3 to 6 Years</li></ol>', 'JUMBO Cartoon.jpg', 'JUMBO Cartoon.jpg', '', 0, 'Out of Stock', '2017-05-02 16:26:53', ''),
(26, 3, 8, 'Bhediya Digest 3  (Hindi) ', 'Raj Comics', 99, 100, '<ul style="box-sizing: border-box; margin-bottom: 1px; margin-left: 18px; color: rgb(51, 51, 51); list-style-type: none; font-family: verdana, arial, helvetica, sans-serif;"><li style="box-sizing: border-box; list-style: none; word-wrap: break-word; margin: 0px 0px 5.5px;"><span style="box-sizing: border-box; font-weight: 700;">Reading level:</span>&nbsp;16+ years<br style="box-sizing: border-box;"></li><li style="box-sizing: border-box; list-style: none; word-wrap: break-word; margin: 0px 0px 5.5px;"><span style="box-sizing: border-box; font-weight: 700;">Paperback:</span>&nbsp;128 pages</li><li style="box-sizing: border-box; list-style: none; word-wrap: break-word; margin: 0px 0px 5.5px;"><span style="box-sizing: border-box; font-weight: 700;">Publisher:</span>&nbsp;Raj Comics (2015)</li><li style="box-sizing: border-box; list-style: none; word-wrap: break-word; margin: 0px 0px 5.5px;"><span style="box-sizing: border-box; font-weight: 700;">Language:</span>&nbsp;Hindi</li><li style="box-sizing: border-box; list-style: none; word-wrap: break-word; margin: 0px 0px 5.5px;"><span style="box-sizing: border-box; font-weight: 700;">ISBN-10:</span>&nbsp;933242117X</li><li style="box-sizing: border-box; list-style: none; word-wrap: break-word; margin: 0px 0px 5.5px;"><span style="box-sizing: border-box; font-weight: 700;">ISBN-13:</span>&nbsp;978-9332421172</li><li style="box-sizing: border-box; list-style: none; word-wrap: break-word; margin: 0px 0px 5.5px;"><span style="box-sizing: border-box; font-weight: 700;">Product Dimensions:&nbsp;</span>20.3 x 15.4 x 0.8 cm</li></ul>', 'Bhediya Digest 3 In Hindi.jpg', 'Bhediya Digest 3 In Hindi.jpg', '', 0, 'In Stock', '2017-05-02 16:30:40', ''),
(27, 3, 14, 'Harry Potter and the Cursed Child', 'hollywood', 209, 597, '<ul style="box-sizing: border-box; margin-bottom: 1px; margin-left: 18px; color: rgb(51, 51, 51); list-style-type: none; font-family: verdana, arial, helvetica, sans-serif;"><li style="box-sizing: border-box; list-style-type: none; list-style-position: initial !important; list-style-image: initial !important; word-wrap: break-word; margin: 0px 0px 5.5px;"><span style="box-sizing: border-box; font-weight: 700;">Reading level:</span>&nbsp;5.00+ years<br style="box-sizing: border-box;"></li><li style="box-sizing: border-box; list-style-type: none; list-style-position: initial !important; list-style-image: initial !important; word-wrap: break-word; margin: 0px 0px 5.5px;"><span style="box-sizing: border-box; font-weight: 700;">Hardcover:</span>&nbsp;352 pages</li><li style="box-sizing: border-box; list-style-type: none; list-style-position: initial !important; list-style-image: initial !important; word-wrap: break-word; margin: 0px 0px 5.5px;"><span style="box-sizing: border-box; font-weight: 700;">Publisher:</span>&nbsp;Little Brown; new edition (1 August 2016)</li><li style="box-sizing: border-box; list-style-type: none; list-style-position: initial !important; list-style-image: initial !important; word-wrap: break-word; margin: 0px 0px 5.5px;"><span style="box-sizing: border-box; font-weight: 700;">Language:</span>&nbsp;English</li><li style="box-sizing: border-box; list-style-type: none; list-style-position: initial !important; list-style-image: initial !important; word-wrap: break-word; margin: 0px 0px 5.5px;"><span style="box-sizing: border-box; font-weight: 700;">ISBN-10:</span>&nbsp;0751565350</li><li style="box-sizing: border-box; list-style-type: none; list-style-position: initial !important; list-style-image: initial !important; word-wrap: break-word; margin: 0px 0px 5.5px;"><span style="box-sizing: border-box; font-weight: 700;">ISBN-13:</span>&nbsp;978-0751565355</li><li style="box-sizing: border-box; list-style-type: none; list-style-position: initial !important; list-style-image: initial !important; word-wrap: break-word; margin: 0px 0px 5.5px;"><span style="box-sizing: border-box; font-weight: 700;">Product Dimensions:&nbsp;</span>16.4 x 3.2 x 23.9 cm</li></ul>', '51YJ3iXE5KL._SX323_BO1,204,203,200_.jpg', 'Harry Potter and the Cursed Child.jpg', 'Harry Potter and the Cursed Child2.jpg', 0, 'In Stock', '2017-05-02 16:42:56', ''),
(28, 3, 14, 'The Right Way to Play Guitar', 'arts', 75, 99, '<ul style="box-sizing: border-box; margin-bottom: 1px; margin-left: 18px; color: rgb(51, 51, 51); list-style-type: none; font-family: verdana, arial, helvetica, sans-serif;"><li style="box-sizing: border-box; list-style: none; word-wrap: break-word; margin: 0px 0px 5.5px;"><span style="box-sizing: border-box; font-weight: 700;">Paperback:</span>&nbsp;160 pages</li><li style="box-sizing: border-box; list-style: none; word-wrap: break-word; margin: 0px 0px 5.5px;"><span style="box-sizing: border-box; font-weight: 700;">Publisher:</span>&nbsp;Goodwill Publishing House (2011)</li><li style="box-sizing: border-box; list-style: none; word-wrap: break-word; margin: 0px 0px 5.5px;"><span style="box-sizing: border-box; font-weight: 700;">Language:</span>&nbsp;English</li><li style="box-sizing: border-box; list-style: none; word-wrap: break-word; margin: 0px 0px 5.5px;"><span style="box-sizing: border-box; font-weight: 700;">ISBN-10:</span>&nbsp;8172453442</li><li style="box-sizing: border-box; list-style: none; word-wrap: break-word; margin: 0px 0px 5.5px;"><span style="box-sizing: border-box; font-weight: 700;">ISBN-13:</span>&nbsp;978-8172453442</li><li style="box-sizing: border-box; list-style: none; word-wrap: break-word; margin: 0px 0px 5.5px;"><span style="box-sizing: border-box; font-weight: 700;">Product Dimensions:&nbsp;</span>23.6 x 18.2 x 0.6 cm</li></ul>', 'GUITAR.jpg', 'GUITAR1.jpg', '', 0, 'In Stock', '2017-05-02 16:45:19', ''),
(32, 3, 14, 'Take Me to the Circus!', 'Asia-Pacific ', 45, 69, '<ul style="box-sizing: border-box; margin-bottom: 0px; margin-left: 0px; color: rgb(51, 51, 51); list-style-type: none; font-family: verdana, arial, helvetica, sans-serif;"><li style="box-sizing: border-box; list-style-type: none; list-style-position: initial !important; list-style-image: initial !important; word-wrap: break-word; margin: 0px 0px 5.5px;"><span style="box-sizing: border-box; font-weight: 700;">Format:</span>&nbsp;Kindle Edition</li><li style="box-sizing: border-box; list-style-type: none; list-style-position: initial !important; list-style-image: initial !important; word-wrap: break-word; margin: 0px 0px 5.5px;"><span style="box-sizing: border-box; font-weight: 700;">File Size:</span>&nbsp;4138 KB</li><li style="box-sizing: border-box; list-style-type: none; list-style-position: initial !important; list-style-image: initial !important; word-wrap: break-word; margin: 0px 0px 5.5px;"><span style="box-sizing: border-box; font-weight: 700;">Publisher:</span>&nbsp;Jupiter Kids (12 June 2016)</li><li id="sold-by-merchant" style="box-sizing: border-box; list-style-type: none; list-style-position: initial !important; list-style-image: initial !important; word-wrap: break-word; margin: 0px 0px 5.5px;"><span style="box-sizing: border-box; font-weight: 700;">Sold by:</span>&nbsp;Amazon Asia-Pacific Holdings Private Limited</li><li style="box-sizing: border-box; list-style-type: none; list-style-position: initial !important; list-style-image: initial !important; word-wrap: break-word; margin: 0px 0px 5.5px;"><span style="box-sizing: border-box; font-weight: 700;">Language:</span>&nbsp;English</li><li style="box-sizing: border-box; list-style-type: none; list-style-position: initial !important; list-style-image: initial !important; word-wrap: break-word; margin: 0px 0px 5.5px;"><span style="box-sizing: border-box; font-weight: 700;">ASIN:</span>&nbsp;B01HDMBQFA</li></ul>', 'Circus.jpg', 'Circus.jpg', '', 0, 'Out of Stock', '2017-05-02 17:02:27', ''),
(34, 3, 14, 'Magic Coloring Book', 'Magic Coloring Book', 249, 399, '<ul style="box-sizing: border-box; margin-bottom: 0px; margin-left: 0px; color: rgb(51, 51, 51); list-style-type: none; font-family: verdana, arial, helvetica, sans-serif;"><li style="box-sizing: border-box; list-style: none; word-wrap: break-word; margin: 0px 0px 5.5px;"><span style="box-sizing: border-box; font-weight: 700;">Format:</span>&nbsp;Kindle Edition</li><li style="box-sizing: border-box; list-style: none; word-wrap: break-word; margin: 0px 0px 5.5px;"><span style="box-sizing: border-box; font-weight: 700;">File Size:</span>&nbsp;6270 KB</li><li style="box-sizing: border-box; list-style: none; word-wrap: break-word; margin: 0px 0px 5.5px;"><span style="box-sizing: border-box; font-weight: 700;">Print Length:</span>&nbsp;50 pages</li><li style="box-sizing: border-box; list-style: none; word-wrap: break-word; margin: 0px 0px 5.5px;"><span style="box-sizing: border-box; font-weight: 700;">Publisher:</span>&nbsp;Speedy Publishing LLC (12 June 2016)</li><li id="sold-by-merchant" style="box-sizing: border-box; list-style: none; word-wrap: break-word; margin: 0px 0px 5.5px;"><span style="box-sizing: border-box; font-weight: 700;">Sold by:</span>&nbsp;Amazon Asia-Pacific Holdings Private Limited</li><li style="box-sizing: border-box; list-style: none; word-wrap: break-word; margin: 0px 0px 5.5px;"><span style="box-sizing: border-box; font-weight: 700;">Language:</span>&nbsp;English</li><li style="box-sizing: border-box; list-style: none; word-wrap: break-word; margin: 0px 0px 5.5px;"><span style="box-sizing: border-box; font-weight: 700;">ASIN:</span>&nbsp;B01HDMCNJI</li></ul>', 'magic.jpg', 'magic.jpg', '', 0, 'In Stock', '2017-05-02 17:10:41', ''),
(36, 3, 14, 'Patkatha Lekhan Vyavaharik Nirdeshika (Hindi) ', 'bollywood', 99, 109, '<div><ul style="box-sizing: border-box; margin-bottom: 1px; margin-left: 18px; color: rgb(51, 51, 51); list-style-type: none; font-family: verdana, arial, helvetica, sans-serif;"><li style="box-sizing: border-box; list-style: none; word-wrap: break-word; margin: 0px 0px 5.5px;"><span style="box-sizing: border-box; font-weight: 700;">Paperback:</span>&nbsp;135 pages</li><li style="box-sizing: border-box; list-style: none; word-wrap: break-word; margin: 0px 0px 5.5px;"><span style="box-sizing: border-box; font-weight: 700;">Publisher:</span>&nbsp;Rajkamal Prakashan; 1 edition (2016)</li><li style="box-sizing: border-box; list-style: none; word-wrap: break-word; margin: 0px 0px 5.5px;"><span style="box-sizing: border-box; font-weight: 700;">Language:</span>&nbsp;Hindi</li><li style="box-sizing: border-box; list-style: none; word-wrap: break-word; margin: 0px 0px 5.5px;"><span style="box-sizing: border-box; font-weight: 700;">ISBN-10:</span>&nbsp;8126728507</li><li style="box-sizing: border-box; list-style: none; word-wrap: break-word; margin: 0px 0px 5.5px;"><span style="box-sizing: border-box; font-weight: 700;">ISBN-13:</span>&nbsp;978-8126728503</li><li style="box-sizing: border-box; list-style: none; word-wrap: break-word; margin: 0px 0px 5.5px;"><span style="box-sizing: border-box; font-weight: 700;">Product Dimensions:&nbsp;</span>23.9 x 18.3 x 1 cm</li></ul></div>', 'patkatha.jpg', 'patkatha.jpg', '', 0, 'In Stock', '2017-05-02 17:21:14', ''),
(37, 4, 2, 'LG 80 cm (32 inches)', 'LG', 27099, 38900, '<span class="sims-fbt-this-item a-text-bold" style="box-sizing: border-box; margin-right: 2px; color: rgb(17, 17, 17); font-family: &quot;Amazon Ember&quot;, Arial, sans-serif; font-weight: 700 !important;">This item:</span><span style="box-sizing: border-box; margin-right: 2px; color: rgb(17, 17, 17); font-family: &quot;Amazon Ember&quot;, Arial, sans-serif;">LG 80 cm (32 inches) 32LH604T Full Smart HD LED IPS TV (Black)</span><br><div><span style="box-sizing: border-box; margin-right: 2px; color: rgb(17, 17, 17); font-family: &quot;Amazon Ember&quot;, Arial, sans-serif;"><h5 style="box-sizing: border-box; padding: 0px; margin-bottom: 0px; line-height: 19px; color: rgb(17, 17, 17); font-family: verdana, arial, helvetica, sans-serif;">On-mode power consumption</h5><span style="font-family: verdana, arial, helvetica, sans-serif;">0.3 Watts</span><br style="box-sizing: border-box; font-family: verdana, arial, helvetica, sans-serif;"><br style="box-sizing: border-box; font-family: verdana, arial, helvetica, sans-serif;"><h5 style="box-sizing: border-box; padding: 0px; margin-bottom: 0px; line-height: 19px; color: rgb(17, 17, 17); font-family: verdana, arial, helvetica, sans-serif;">Visible screen diagonal</h5><span style="font-family: verdana, arial, helvetica, sans-serif;">32inches / 81 cm</span><br></span></div>', 'lg80.jpg', 'lg802.jpg', 'lg801.jpg', 199, 'In Stock', '2017-05-02 17:29:09', ''),
(38, 4, 2, 'Sony 80 cm (32 inches) BRAVIA KLV', 'SONY', 21699, 25999, '<table style="box-sizing: border-box; width: auto; color: rgb(17, 17, 17); font-family: &quot;Amazon Ember&quot;, Arial, sans-serif; background-color: rgb(255, 255, 255); margin-bottom: 0px !important;"><tbody style="box-sizing: border-box;"><tr style="box-sizing: border-box;"><td class="bucket" valign="top" style="box-sizing: border-box; vertical-align: top; padding: 0px 3px 0px 0px;"><div id="importantInformation" style="box-sizing: border-box; padding-bottom: 10px; font-family: verdana, arial, helvetica, sans-serif;"><div class="bucket" style="box-sizing: border-box;"><div class="content" style="box-sizing: border-box; margin-top: 6.5px; margin-left: 25px;"><h5 style="box-sizing: border-box; padding: 0px; margin-bottom: 0px; line-height: 19px;">On-mode power consumption</h5>37 Watts<br style="box-sizing: border-box;"><br style="box-sizing: border-box;"><h5 style="box-sizing: border-box; padding: 0px; margin-bottom: 0px; line-height: 19px;">Visible screen diagonal</h5>32inches / 81 cm</div><div><br></div></div></div></td></tr></tbody></table>', 'sony80.jpg', 'sony802.jpg', 'sony801.jpg', 299, 'In Stock', '2017-05-02 17:34:38', ''),
(39, 4, 2, 'Sony 139 cm (55 inches) BRAVIA KD-55X8500D 4K HDR Android LED TV', 'SONY', 124000, 174900, '<h5 style="box-sizing: border-box; padding: 0px; margin-bottom: 0px; line-height: 19px; color: rgb(17, 17, 17); font-family: verdana, arial, helvetica, sans-serif;">Warranty Details for this offer</h5><span style="color: rgb(17, 17, 17); font-family: verdana, arial, helvetica, sans-serif;">1 Year Seller Warranty</span><br>', 'sony1391.jpg', 'sony139.jpg', 'sony1392.jpg', 149, 'In Stock', '2017-05-02 17:36:41', ''),
(40, 4, 2, 'Micromax 81 cm (32 inches) 32AIPS900HD_I Ready LED TV', 'Micromax', 14449, 19990, '<legend style="box-sizing: border-box; padding-left: 2px; padding-bottom: 2px; font-weight: 700; color: rgb(17, 17, 17); font-family: &quot;Amazon Ember&quot;, Arial, sans-serif; font-size: 13px;"><span style="box-sizing: border-box; position: absolute; left: -10000px; top: auto; width: 1px; height: 1px; overflow: hidden; padding: 0px;">Buy the selected items together</span></legend><ul class="a-unordered-list a-nostyle a-vertical" style="box-sizing: border-box; margin-left: 0px; color: rgb(17, 17, 17); font-family: &quot;Amazon Ember&quot;, Arial, sans-serif; margin-bottom: 0px !important;"><li data-p13n-asin-metadata="{&quot;ref&quot;:&quot;pd_bxgy_23_1_1&quot;,&quot;price&quot;:14449,&quot;asin&quot;:&quot;B01FANYKC0&quot;}" class="a-spacing-mini p13n-asin" style="box-sizing: border-box; list-style: none; word-wrap: break-word; margin: 0px;"><span class="a-list-item" style="box-sizing: border-box;"><span class="a-declarative" data-action="fbt-checkbox-click" data-fbt-checkbox-click="{&quot;itemNum&quot;:&quot;1&quot;,&quot;offerListingID&quot;:&quot;aPy2ruTi%2FLrETMSG9eA24QMl1CnJgCIae7Y1%2B0bz10lv7pKBWivptXqTeSbXT1YkW9wAIkh49XMCbqb8o%2BGfnRBqnuhsAtJiTkGjHiTYMfEFWLeGofUdBTlHWA%2Baz3Vr2j9Qj%2F9U4VQq7vuwoRMCrskKvOOgnqQ9&quot;,&quot;asin&quot;:&quot;B01FANYKC0&quot;}" style="box-sizing: border-box;"><div data-a-input-name="offeringID.1" class="a-checkbox sims-fbt-checkbox" style="box-sizing: border-box;"><label style="box-sizing: border-box; padding-left: 15px; padding-bottom: 0px; position: relative; text-indent: -15px; margin-left: 3px; top: -2px; margin-bottom: 0px;"><input type="checkbox" name="offeringID.1" value="aPy2ruTi%2FLrETMSG9eA24QMl1CnJgCIae7Y1%2B0bz10lv7pKBWivptXqTeSbXT1YkW9wAIkh49XMCbqb8o%2BGfnRBqnuhsAtJiTkGjHiTYMfEFWLeGofUdBTlHWA%2Baz3Vr2j9Qj%2F9U4VQq7vuwoRMCrskKvOOgnqQ9" checked="" style="margin-top: 0px; vertical-align: top; line-height: 19px; font-family: inherit; transition: all 0.1s linear; color: rgb(17, 17, 17); height: 13px; width: 13px; position: relative; bottom: -3px;"><i class="a-icon a-icon-checkbox" style="box-sizing: border-box; background-image: url(&quot;http://g-ecx.images-amazon.com/images/G/01/AUIClients/AmazonUIBaseCSS-sprite_1x-28bd59af93d9b1c745bb0aca4de58763b54df7cf._V2_.png&quot;); background-size: 400px 670px; background-repeat: no-repeat; display: inline-block; vertical-align: top;"></i><span class="a-label a-checkbox-label" style="box-sizing: border-box; position: relative; padding-left: 5px; text-indent: 0px; display: inline-block; margin-right: 2px;"><div class="sims-fbt-checkbox-label" style="box-sizing: border-box;"><span class="sims-fbt-this-item a-text-bold" style="box-sizing: border-box; font-weight: 700 !important; margin-right: 2px;">This item:</span><span style="box-sizing: border-box; margin-right: 2px;">Micromax 81 cm (32 inches) 32AIPS900HD_I Ready LED TV</span></div></span></label></div></span></span></li><li data-p13n-asin-metadata="{&quot;ref&quot;:&quot;pd_bxgy_23_1_1&quot;,&quot;price&quot;:14449,&quot;asin&quot;:&quot;B01FANYKC0&quot;}" class="a-spacing-mini p13n-asin" style="box-sizing: border-box; list-style: none; word-wrap: break-word; margin: 0px;"><div class="sims-fbt-checkbox-label" style="box-sizing: border-box;"><span style="box-sizing: border-box; margin-right: 2px;">The In-Plane Switching technology ensures accurate colour reproduction and great picture clarity, regardless of the angle you view it from.<br></span></div></li></ul>', 'micromax81.jpg', 'micromax81.jpg', '', 0, 'In Stock', '2017-05-02 17:49:15', ''),
(41, 4, 2, 'Micromax 32B200HDi 81 cm (32 inches) HD Ready LED Television with IPS Panel', 'micromax', 18000, 23990, '<h5 style="box-sizing: border-box; padding: 0px; margin-bottom: 0px; line-height: 19px; color: rgb(17, 17, 17); font-family: verdana, arial, helvetica, sans-serif;">On-mode power consumption</h5><span style="color: rgb(17, 17, 17); font-family: verdana, arial, helvetica, sans-serif;">50 Watts</span><br style="box-sizing: border-box; color: rgb(17, 17, 17); font-family: verdana, arial, helvetica, sans-serif;"><br style="box-sizing: border-box; color: rgb(17, 17, 17); font-family: verdana, arial, helvetica, sans-serif;"><h5 style="box-sizing: border-box; padding: 0px; margin-bottom: 0px; line-height: 19px; color: rgb(17, 17, 17); font-family: verdana, arial, helvetica, sans-serif;">Visible screen diagonal</h5><span style="color: rgb(17, 17, 17); font-family: verdana, arial, helvetica, sans-serif;">32inches / 81 cm</span><br>', 'micromax32b.jpg', 'micromax32b1.jpg', 'micromax32b2.jpg', 0, 'In Stock', '2017-05-02 17:51:39', ''),
(42, 4, 2, 'Micromax 32T2820HD 81 cm (32 inches) HD Ready LED Television', 'micromax', 16500, 19500, '<h5 style="box-sizing: border-box; padding: 0px; margin-bottom: 0px; line-height: 19px; color: rgb(17, 17, 17); font-family: verdana, arial, helvetica, sans-serif;">On-mode power consumption</h5><span style="color: rgb(17, 17, 17); font-family: verdana, arial, helvetica, sans-serif;">35 Watts</span><br style="box-sizing: border-box; color: rgb(17, 17, 17); font-family: verdana, arial, helvetica, sans-serif;"><br style="box-sizing: border-box; color: rgb(17, 17, 17); font-family: verdana, arial, helvetica, sans-serif;"><h5 style="box-sizing: border-box; padding: 0px; margin-bottom: 0px; line-height: 19px; color: rgb(17, 17, 17); font-family: verdana, arial, helvetica, sans-serif;">Visible screen diagonal</h5><span style="color: rgb(17, 17, 17); font-family: verdana, arial, helvetica, sans-serif;">32inches / 81 cm</span><br>', 'micromax32.jpg', 'micromax32b2.jpg', '', 99, 'In Stock', '2017-05-02 17:54:12', ''),
(44, 4, 5, 'Roboster Rechargeable Bluetooth Speaker', 'Roboster Rechargeable', 299, 499, '<span class="sims-fbt-this-item a-text-bold" style="box-sizing: border-box; margin-right: 2px; color: rgb(17, 17, 17); font-family: &quot;Amazon Ember&quot;, Arial, sans-serif; font-weight: 700 !important;">This item:</span><span style="box-sizing: border-box; margin-right: 2px; color: rgb(17, 17, 17); font-family: &quot;Amazon Ember&quot;, Arial, sans-serif;">Roboster Roboster Rechargeable Bluetooth Speaker With Led Wireless Bluetooth Speaker With Handsfree</span><br>', 'roboster.jpg', 'roboster1.jpg', 'roboster2.jpg', 0, 'In Stock', '2017-05-02 18:02:15', '');
INSERT INTO `products` (`id`, `category`, `subCategory`, `productName`, `productCompany`, `productPrice`, `productPriceBeforeDiscount`, `productDescription`, `productImage1`, `productImage2`, `productImage3`, `shippingCharge`, `productAvailability`, `postingDate`, `updationDate`) VALUES
(46, 5, 11, 'Nilkamal Texas Four Seater Dining Table Set (Walnut Finish, Brown)', 'Home Nilkamal', 8999, 10100, '<table cellspacing="0" cellpadding="0" border="0" style="box-sizing: border-box; width: 605px; table-layout: fixed; color: rgb(51, 51, 51); font-family: Arial; font-size: 12px; background-color: rgb(255, 255, 255); margin-bottom: 0px !important;"><tbody style="box-sizing: border-box;"><tr style="box-sizing: border-box;"><td class="label" style="box-sizing: border-box; vertical-align: top; padding: 3px 1px 3px 10px; color: rgb(102, 102, 102); font-size: 12px; border-top: 1px dotted rgb(204, 204, 204); line-height: 18px; background-color: rgb(245, 245, 245); width: 211px;">Color</td><td class="value" style="box-sizing: border-box; vertical-align: top; padding: 3px 1px 3px 10px; border-top: 1px dotted rgb(204, 204, 204); line-height: 18px;">Brown</td></tr><tr class="size-weight" style="box-sizing: border-box;"><td class="label" style="box-sizing: border-box; vertical-align: top; padding: 3px 1px 3px 10px; color: rgb(102, 102, 102); font-size: 12px; border-top: 1px dotted rgb(204, 204, 204); line-height: 18px; background-color: rgb(245, 245, 245); width: 211px;">Item Weight</td><td class="value" style="box-sizing: border-box; vertical-align: top; padding: 3px 1px 3px 10px; border-top: 1px dotted rgb(204, 204, 204); line-height: 18px;">21 Kg</td></tr><tr class="size-weight" style="box-sizing: border-box;"><td class="label" style="box-sizing: border-box; vertical-align: top; padding: 3px 1px 3px 10px; color: rgb(102, 102, 102); font-size: 12px; border-top: 1px dotted rgb(204, 204, 204); line-height: 18px; background-color: rgb(245, 245, 245); width: 211px;">Product Dimensions</td><td class="value" style="box-sizing: border-box; vertical-align: top; padding: 3px 1px 3px 10px; border-top: 1px dotted rgb(204, 204, 204); line-height: 18px;">70 x 118 x 75 cm</td></tr><tr style="box-sizing: border-box;"><td class="label" style="box-sizing: border-box; vertical-align: top; padding: 3px 1px 3px 10px; color: rgb(102, 102, 102); font-size: 12px; border-top: 1px dotted rgb(204, 204, 204); line-height: 18px; background-color: rgb(245, 245, 245); width: 211px;">Shipping Weight</td><td class="value" style="box-sizing: border-box; vertical-align: top; padding: 3px 1px 3px 10px; border-top: 1px dotted rgb(204, 204, 204); line-height: 18px;">26 Kilograms</td></tr><tr style="box-sizing: border-box;"><td class="label" style="box-sizing: border-box; vertical-align: top; padding: 3px 1px 3px 10px; color: rgb(102, 102, 102); font-size: 12px; border-top: 1px dotted rgb(204, 204, 204); line-height: 18px; background-color: rgb(245, 245, 245); width: 211px;">Item Model Number</td><td class="value" style="box-sizing: border-box; vertical-align: top; padding: 3px 1px 3px 10px; border-top: 1px dotted rgb(204, 204, 204); line-height: 18px;">FLTEXDSET14BRN</td></tr><tr style="box-sizing: border-box;"><td class="label" style="box-sizing: border-box; vertical-align: top; padding: 3px 1px 3px 10px; color: rgb(102, 102, 102); font-size: 12px; border-top: 1px dotted rgb(204, 204, 204); line-height: 18px; background-color: rgb(245, 245, 245); width: 211px;">Item Part Number</td><td class="value" style="box-sizing: border-box; vertical-align: top; padding: 3px 1px 3px 10px; border-top: 1px dotted rgb(204, 204, 204); line-height: 18px;">FLTEXDSET14BRN</td></tr><tr style="box-sizing: border-box;"><td class="label" style="box-sizing: border-box; vertical-align: top; padding: 3px 1px 3px 10px; color: rgb(102, 102, 102); font-size: 12px; border-top: 1px dotted rgb(204, 204, 204); line-height: 18px; background-color: rgb(245, 245, 245); width: 211px;">Is Assembly Required</td><td class="value" style="box-sizing: border-box; vertical-align: top; padding: 3px 1px 3px 10px; border-top: 1px dotted rgb(204, 204, 204); line-height: 18px;">Yes</td></tr><tr style="box-sizing: border-box;"><td class="label" style="box-sizing: border-box; vertical-align: top; padding: 3px 1px 3px 10px; color: rgb(102, 102, 102); font-size: 12px; border-top: 1px dotted rgb(204, 204, 204); line-height: 18px; background-color: rgb(245, 245, 245); width: 211px;">Primary material</td><td class="value" style="box-sizing: border-box; vertical-align: top; padding: 3px 1px 3px 10px; border-top: 1px dotted rgb(204, 204, 204); line-height: 18px;">MDF</td></tr><tr style="box-sizing: border-box;"><td class="label" style="box-sizing: border-box; vertical-align: top; padding: 3px 1px 3px 10px; color: rgb(102, 102, 102); font-size: 12px; border-top: 1px dotted rgb(204, 204, 204); line-height: 18px; background-color: rgb(245, 245, 245); width: 211px;">Capacity</td><td class="value" style="box-sizing: border-box; vertical-align: top; padding: 3px 1px 3px 10px; border-top: 1px dotted rgb(204, 204, 204); line-height: 18px;">Four Seat</td></tr><tr style="box-sizing: border-box;"><td class="label" style="box-sizing: border-box; vertical-align: top; padding: 3px 1px 3px 10px; color: rgb(102, 102, 102); font-size: 12px; border-top: 1px dotted rgb(204, 204, 204); line-height: 18px; background-color: rgb(245, 245, 245); width: 211px;">Storage Availability</td><td class="value" style="box-sizing: border-box; vertical-align: top; padding: 3px 1px 3px 10px; border-top: 1px dotted rgb(204, 204, 204); line-height: 18px;">No</td></tr><tr style="box-sizing: border-box;"><td class="label" style="box-sizing: border-box; vertical-align: top; padding: 3px 1px 3px 10px; color: rgb(102, 102, 102); font-size: 12px; border-top: 1px dotted rgb(204, 204, 204); line-height: 18px; background-color: rgb(245, 245, 245); width: 211px;">Number of Pieces</td><td class="value" style="box-sizing: border-box; vertical-align: top; padding: 3px 1px 3px 10px; border-top: 1px dotted rgb(204, 204, 204); line-height: 18px;">5</td></tr><tr style="box-sizing: border-box;"><td class="label" style="box-sizing: border-box; vertical-align: top; padding: 3px 1px 3px 10px; color: rgb(102, 102, 102); font-size: 12px; border-top: 1px dotted rgb(204, 204, 204); line-height: 18px; background-color: rgb(245, 245, 245); width: 211px;">What is in the box?</td><td class="value" style="box-sizing: border-box; vertical-align: top; padding: 3px 1px 3px 10px; border-top: 1px dotted rgb(204, 204, 204); line-height: 18px;">1 Table; 4 Chairs</td></tr><tr style="box-sizing: border-box;"><td class="label" style="box-sizing: border-box; vertical-align: top; padding: 3px 1px 3px 10px; color: rgb(102, 102, 102); font-size: 12px; border-top: 1px dotted rgb(204, 204, 204); line-height: 18px; background-color: rgb(245, 245, 245); width: 211px;">Item Shape</td><td class="value" style="box-sizing: border-box; vertical-align: top; padding: 3px 1px 3px 10px; border-top: 1px dotted rgb(204, 204, 204); line-height: 18px;">Rectangular</td></tr><tr style="box-sizing: border-box;"><td class="label" style="box-sizing: border-box; vertical-align: top; padding: 3px 1px 3px 10px; color: rgb(102, 102, 102); font-size: 12px; border-top: 1px dotted rgb(204, 204, 204); line-height: 18px; background-color: rgb(245, 245, 245); width: 211px;">Assembly Type</td><td class="value" style="box-sizing: border-box; vertical-align: top; padding: 3px 1px 3px 10px; border-top: 1px dotted rgb(204, 204, 204); line-height: 18px;">Require Assembly</td></tr></tbody></table>', 'nikamal.jpg', 'nikamal.jpg', '', 0, 'In Stock', '2017-05-02 18:31:49', ''),
(47, 5, 11, 'TUSCAN-MARBLE TOP DINING TABLE SET', 'Home Nilkamal', 71000, 179900, '<span style="margin: 0px; padding: 0px; color: rgb(87, 87, 87); font-family: Calibri, &quot;Trebuchet MS&quot;, Helvetica, sans-serif; font-size: small;">Table Size : L 63* W 35.5 * H 30 Inch</span><br style="margin: 0px; padding: 0px; color: rgb(87, 87, 87); font-family: Calibri, &quot;Trebuchet MS&quot;, Helvetica, sans-serif; font-size: 15px;"><span style="margin: 0px; padding: 0px; color: rgb(87, 87, 87); font-family: Calibri, &quot;Trebuchet MS&quot;, Helvetica, sans-serif; font-size: small;">-Chair Seating Size : L 19.5 * W 21</span><br style="margin: 0px; padding: 0px; color: rgb(87, 87, 87); font-family: Calibri, &quot;Trebuchet MS&quot;, Helvetica, sans-serif; font-size: 15px;"><span style="margin: 0px; padding: 0px; color: rgb(87, 87, 87); font-family: Calibri, &quot;Trebuchet MS&quot;, Helvetica, sans-serif; font-size: small;">-Chair Height : 37 inch&nbsp;</span><br><div><span style="margin: 0px; padding: 0px; color: rgb(87, 87, 87); font-family: Calibri, &quot;Trebuchet MS&quot;, Helvetica, sans-serif; font-size: small;"><span style="margin: 0px; padding: 0px;">Sku Code : Table 179 / Chair 2308</span><br style="margin: 0px; padding: 0px; font-size: 15px;"><span style="margin: 0px; padding: 0px;">Assembly : Yes&nbsp;</span><br style="margin: 0px; padding: 0px; font-size: 15px;"><span style="margin: 0px; padding: 0px;">Style : Modern</span><br style="margin: 0px; padding: 0px; font-size: 15px;"><span style="margin: 0px; padding: 0px;">Room : Dining Room</span><br style="margin: 0px; padding: 0px; font-size: 15px;"><span style="margin: 0px; padding: 0px;">Table Shape : Rectangle</span><br style="margin: 0px; padding: 0px; font-size: 15px;"><span style="margin: 0px; padding: 0px;">Table Color :Cream &amp; Brown</span><br style="margin: 0px; padding: 0px; font-size: 15px;"><span style="margin: 0px; padding: 0px;">Chair Color : Cream &amp; Brown</span><br style="margin: 0px; padding: 0px; font-size: 15px;"><span style="margin: 0px; padding: 0px;">Table Weight : 48.2 kg&nbsp;</span><br style="margin: 0px; padding: 0px; font-size: 15px;"><span style="margin: 0px; padding: 0px;">Chair Weight : 9.1 Kg</span><br style="margin: 0px; padding: 0px; font-size: 15px;"><span style="margin: 0px; padding: 0px;">Warranty : 1 Year&nbsp;</span><br style="margin: 0px; padding: 0px; font-size: 15px;"><span style="margin: 0px; padding: 0px;">Area Required : L 83 * W 55 Inch&nbsp;</span><br></span></div>', 'tuscan_marble_dining_table_set_beige_color_for_6_person.jpeg', 'tuscan_marble_dining_table_set_beige_color_for_6_person.jpeg', '', 0, 'In Stock', '2017-05-02 18:35:11', ''),
(48, 5, 11, 'Nilkamal Chrysanta Six Seater Dining Table Set (Glossy Finish, Walnut)', 'Nilkamal', 29900, 39700, 'ColorWalnutItem Weight30 KgProduct Dimensions90 x 150 x 75 cmShipping Weight35 KilogramsItem Model NumberFLCHRYSDSET16WNTItem Part NumberFLCHRYSDSET16WNTIs Assembly RequiredYesPrimary materialGlassCapacitySix SeatStorage AvailabilityYesNumber of Pieces7What is in the box?1 Table; 6 ChairsItem ShapeRectangularAssembly TypeRequire Assembly &nbsp;<br>', 'nilkamal.jpg', 'nilkamal.jpg', '', 0, 'In Stock', '2017-05-02 18:50:58', ''),
(49, 5, 11, 'ARIA-HUDSON TEAK WOOD DINING TABLE SET', 'Nilkamal', 20990, 52490, '<span style="color: rgb(87, 87, 87); font-family: Calibri, &quot;Trebuchet MS&quot;, Helvetica, sans-serif; font-size: 15px;">One Of our best collection in wooden dining set&nbsp;</span><br style="margin: 0px; padding: 0px; color: rgb(87, 87, 87); font-family: Calibri, &quot;Trebuchet MS&quot;, Helvetica, sans-serif; font-size: 15px;"><span style="color: rgb(87, 87, 87); font-family: Calibri, &quot;Trebuchet MS&quot;, Helvetica, sans-serif; font-size: 15px;">-High Comfort Level With Durability&nbsp;</span><br style="margin: 0px; padding: 0px; color: rgb(87, 87, 87); font-family: Calibri, &quot;Trebuchet MS&quot;, Helvetica, sans-serif; font-size: 15px;"><span style="color: rgb(87, 87, 87); font-family: Calibri, &quot;Trebuchet MS&quot;, Helvetica, sans-serif; font-size: 15px;">-3 quote melamine polish for long durability &amp; great finish&nbsp;</span><br style="margin: 0px; padding: 0px; color: rgb(87, 87, 87); font-family: Calibri, &quot;Trebuchet MS&quot;, Helvetica, sans-serif; font-size: 15px;"><span style="color: rgb(87, 87, 87); font-family: Calibri, &quot;Trebuchet MS&quot;, Helvetica, sans-serif; font-size: 15px;">-Comes With 1 year warranty .</span><br style="margin: 0px; padding: 0px; color: rgb(87, 87, 87); font-family: Calibri, &quot;Trebuchet MS&quot;, Helvetica, sans-serif; font-size: 15px;"><span style="color: rgb(87, 87, 87); font-family: Calibri, &quot;Trebuchet MS&quot;, Helvetica, sans-serif; font-size: 15px;">-Table Size : L 48* W 30 * H 30 Inch</span><br style="margin: 0px; padding: 0px; color: rgb(87, 87, 87); font-family: Calibri, &quot;Trebuchet MS&quot;, Helvetica, sans-serif; font-size: 15px;"><span style="color: rgb(87, 87, 87); font-family: Calibri, &quot;Trebuchet MS&quot;, Helvetica, sans-serif; font-size: 15px;">-Chair Seating Size : L 17 * W 18</span><br style="margin: 0px; padding: 0px; color: rgb(87, 87, 87); font-family: Calibri, &quot;Trebuchet MS&quot;, Helvetica, sans-serif; font-size: 15px;"><span style="color: rgb(87, 87, 87); font-family: Calibri, &quot;Trebuchet MS&quot;, Helvetica, sans-serif; font-size: 15px;">-Chair Height : 36 inch&nbsp;</span><br style="margin: 0px; padding: 0px; color: rgb(87, 87, 87); font-family: Calibri, &quot;Trebuchet MS&quot;, Helvetica, sans-serif; font-size: 15px;"><span style="color: rgb(87, 87, 87); font-family: Calibri, &quot;Trebuchet MS&quot;, Helvetica, sans-serif; font-size: 15px;">-Assembly Required&nbsp;</span><br style="margin: 0px; padding: 0px; color: rgb(87, 87, 87); font-family: Calibri, &quot;Trebuchet MS&quot;, Helvetica, sans-serif; font-size: 15px;"><span style="color: rgb(87, 87, 87); font-family: Calibri, &quot;Trebuchet MS&quot;, Helvetica, sans-serif; font-size: 15px;">-Indoor Use Only</span><br>', 'dining_table-aria-hudson_teak_wood_dining_table_set_teak_finish_4_ (1).jpeg', 'dining_table-aria-hudson_teak_wood_dining_table_set_teak_finish_4_ (1).jpeg', '', 0, 'In Stock', '2017-05-02 18:53:47', ''),
(50, 5, 11, 'SHELTON-6 SEATER WOODEN DINING SET (BLACK)', 'Nilkamal', 37131, 92827, '<span style="color: rgb(87, 87, 87); font-family: Calibri, &quot;Trebuchet MS&quot;, Helvetica, sans-serif; font-size: 15px;">Table Size : L 60* W 36 * H 30 Inch</span><br style="margin: 0px; padding: 0px; color: rgb(87, 87, 87); font-family: Calibri, &quot;Trebuchet MS&quot;, Helvetica, sans-serif; font-size: 15px;"><span style="color: rgb(87, 87, 87); font-family: Calibri, &quot;Trebuchet MS&quot;, Helvetica, sans-serif; font-size: 15px;">-Chair Seating Size : L 18 * W 19</span><br style="margin: 0px; padding: 0px; color: rgb(87, 87, 87); font-family: Calibri, &quot;Trebuchet MS&quot;, Helvetica, sans-serif; font-size: 15px;"><span style="color: rgb(87, 87, 87); font-family: Calibri, &quot;Trebuchet MS&quot;, Helvetica, sans-serif; font-size: 15px;">-Chair Height : 33 inch&nbsp;</span><br style="margin: 0px; padding: 0px; color: rgb(87, 87, 87); font-family: Calibri, &quot;Trebuchet MS&quot;, Helvetica, sans-serif; font-size: 15px;"><span style="color: rgb(87, 87, 87); font-family: Calibri, &quot;Trebuchet MS&quot;, Helvetica, sans-serif; font-size: 15px;">-Assembly Required&nbsp;</span><br style="margin: 0px; padding: 0px; color: rgb(87, 87, 87); font-family: Calibri, &quot;Trebuchet MS&quot;, Helvetica, sans-serif; font-size: 15px;"><span style="color: rgb(87, 87, 87); font-family: Calibri, &quot;Trebuchet MS&quot;, Helvetica, sans-serif; font-size: 15px;">-Indoor Use Only</span><br>', 'set_6.1_24.jpg', 'chair_2_67.jpg', '', 0, 'In Stock', '2017-05-02 18:55:45', ''),
(51, 5, 10, 'Fenmore-Leather-Sofa-Set-Beige', 'Fenmore', 49909, 54999, '<p style="margin-bottom: 1em; padding: 0px; line-height: 25px; color: rgb(87, 87, 87); font-family: Calibri, &quot;Trebuchet MS&quot;, Helvetica, sans-serif; font-size: 15px;">Sku Code : Fenmore Leather Sofa<br style="margin: 0px; padding: 0px;">Assembly : no<br style="margin: 0px; padding: 0px;">Style : Modern<br style="margin: 0px; padding: 0px;">Finish : Fabric&nbsp;<br style="margin: 0px; padding: 0px;">Room : Living Room<br style="margin: 0px; padding: 0px;">Weight 1Seater : 18 Kg<br style="margin: 0px; padding: 0px;">Weight 2Seater : 31 Kg<br style="margin: 0px; padding: 0px;">Weight 3Seater: 47 Kg<br style="margin: 0px; padding: 0px;">Warranty : 3 Year&nbsp;<br style="margin: 0px; padding: 0px;">Area : Indoor Use Only</p><div><p style="margin-bottom: 1em; padding: 0px; line-height: 25px; color: rgb(87, 87, 87); font-family: Calibri, &quot;Trebuchet MS&quot;, Helvetica, sans-serif; font-size: 15px;">3 Seater L 84 * W 34 * H 35 INCH<br style="margin: 0px; padding: 0px;">2 Seater L 60 * W 34 * H 35 INCH<br style="margin: 0px; padding: 0px;">1 Seater L 36 * W 34 * H 35 INCH<br style="margin: 0px; padding: 0px;">Seating Height : 16 inch</p><p style="margin-bottom: 1em; padding: 0px; line-height: 25px; color: rgb(87, 87, 87); font-family: Calibri, &quot;Trebuchet MS&quot;, Helvetica, sans-serif; font-size: 15px;">&nbsp;</p></div>', '3a_4_1.jpg', '3a_3_9.jpg', '', 0, 'In Stock', '2017-05-02 19:07:24', ''),
(52, 5, 10, 'lexy Sofa Set (Fabric jute_1)', 'bolly', 17700, 21900, '<p style="margin-bottom: 1em; padding: 0px; line-height: 25px; color: rgb(87, 87, 87); font-family: Calibri, &quot;Trebuchet MS&quot;, Helvetica, sans-serif; font-size: 15px;">Sku Code : Lexy<br style="margin: 0px; padding: 0px;">Assembly : no<br style="margin: 0px; padding: 0px;">Style : Modern<br style="margin: 0px; padding: 0px;">Finish : Melamine &amp; Fabric&nbsp;<br style="margin: 0px; padding: 0px;">Room : Living Room<br style="margin: 0px; padding: 0px;">Weight 1Seater : 44.2 Kg<br style="margin: 0px; padding: 0px;">Weight 2Seater : 31.7 Kg<br style="margin: 0px; padding: 0px;">Weight 3Seater: 18.1 Kg<br style="margin: 0px; padding: 0px;">Warranty : 1 Year&nbsp;<br style="margin: 0px; padding: 0px;">Cod : No<br style="margin: 0px; padding: 0px;">Part Payment : Yes<br style="margin: 0px; padding: 0px;">Area : Indoor Use Only</p><div><span style="color: rgb(87, 87, 87); font-family: Calibri, &quot;Trebuchet MS&quot;, Helvetica, sans-serif; font-size: 15px;">3 Seater L 84 * W 33.5 * H 33 INCH</span><br style="margin: 0px; padding: 0px; color: rgb(87, 87, 87); font-family: Calibri, &quot;Trebuchet MS&quot;, Helvetica, sans-serif; font-size: 15px;"><span style="color: rgb(87, 87, 87); font-family: Calibri, &quot;Trebuchet MS&quot;, Helvetica, sans-serif; font-size: 15px;">2 Seater L 60 * W 33.5 * H 33 INCH</span><br style="margin: 0px; padding: 0px; color: rgb(87, 87, 87); font-family: Calibri, &quot;Trebuchet MS&quot;, Helvetica, sans-serif; font-size: 15px;"><span style="color: rgb(87, 87, 87); font-family: Calibri, &quot;Trebuchet MS&quot;, Helvetica, sans-serif; font-size: 15px;">1 Seater L 36 * W 33.5 * H 33 INCH</span><br style="margin: 0px; padding: 0px; color: rgb(87, 87, 87); font-family: Calibri, &quot;Trebuchet MS&quot;, Helvetica, sans-serif; font-size: 15px;"><span style="color: rgb(87, 87, 87); font-family: Calibri, &quot;Trebuchet MS&quot;, Helvetica, sans-serif; font-size: 15px;">Seating Height : 16 inch</span><br></div>', 'sof.jpg', 'sof1.jpg', '', 0, 'In Stock', '2017-05-02 19:10:03', ''),
(53, 5, 10, 'loca Sofa Set (Fabric molphino_17)', 'loca', 18290, 23949, '<span style="color: rgb(87, 87, 87); font-family: Calibri, &quot;Trebuchet MS&quot;, Helvetica, sans-serif; font-size: 15px;">Sku Code : Loca</span><br style="margin: 0px; padding: 0px; color: rgb(87, 87, 87); font-family: Calibri, &quot;Trebuchet MS&quot;, Helvetica, sans-serif; font-size: 15px;"><span style="color: rgb(87, 87, 87); font-family: Calibri, &quot;Trebuchet MS&quot;, Helvetica, sans-serif; font-size: 15px;">Assembly : no</span><br style="margin: 0px; padding: 0px; color: rgb(87, 87, 87); font-family: Calibri, &quot;Trebuchet MS&quot;, Helvetica, sans-serif; font-size: 15px;"><span style="color: rgb(87, 87, 87); font-family: Calibri, &quot;Trebuchet MS&quot;, Helvetica, sans-serif; font-size: 15px;">Style : Modern</span><br style="margin: 0px; padding: 0px; color: rgb(87, 87, 87); font-family: Calibri, &quot;Trebuchet MS&quot;, Helvetica, sans-serif; font-size: 15px;"><span style="color: rgb(87, 87, 87); font-family: Calibri, &quot;Trebuchet MS&quot;, Helvetica, sans-serif; font-size: 15px;">Finish : Fabric&nbsp;</span><br style="margin: 0px; padding: 0px; color: rgb(87, 87, 87); font-family: Calibri, &quot;Trebuchet MS&quot;, Helvetica, sans-serif; font-size: 15px;"><span style="color: rgb(87, 87, 87); font-family: Calibri, &quot;Trebuchet MS&quot;, Helvetica, sans-serif; font-size: 15px;">Room : Living Room</span><br style="margin: 0px; padding: 0px; color: rgb(87, 87, 87); font-family: Calibri, &quot;Trebuchet MS&quot;, Helvetica, sans-serif; font-size: 15px;"><span style="color: rgb(87, 87, 87); font-family: Calibri, &quot;Trebuchet MS&quot;, Helvetica, sans-serif; font-size: 15px;">Weight 1Seater : 14.5 Kg</span><br style="margin: 0px; padding: 0px; color: rgb(87, 87, 87); font-family: Calibri, &quot;Trebuchet MS&quot;, Helvetica, sans-serif; font-size: 15px;"><span style="color: rgb(87, 87, 87); font-family: Calibri, &quot;Trebuchet MS&quot;, Helvetica, sans-serif; font-size: 15px;">Weight 2Seater : 27 Kg</span><br style="margin: 0px; padding: 0px; color: rgb(87, 87, 87); font-family: Calibri, &quot;Trebuchet MS&quot;, Helvetica, sans-serif; font-size: 15px;"><span style="color: rgb(87, 87, 87); font-family: Calibri, &quot;Trebuchet MS&quot;, Helvetica, sans-serif; font-size: 15px;">Weight 3Seater: 42 Kg</span><br style="margin: 0px; padding: 0px; color: rgb(87, 87, 87); font-family: Calibri, &quot;Trebuchet MS&quot;, Helvetica, sans-serif; font-size: 15px;"><span style="color: rgb(87, 87, 87); font-family: Calibri, &quot;Trebuchet MS&quot;, Helvetica, sans-serif; font-size: 15px;">Warranty : 1 Year&nbsp;</span><br style="margin: 0px; padding: 0px; color: rgb(87, 87, 87); font-family: Calibri, &quot;Trebuchet MS&quot;, Helvetica, sans-serif; font-size: 15px;"><span style="color: rgb(87, 87, 87); font-family: Calibri, &quot;Trebuchet MS&quot;, Helvetica, sans-serif; font-size: 15px;">Cod : No</span><br style="margin: 0px; padding: 0px; color: rgb(87, 87, 87); font-family: Calibri, &quot;Trebuchet MS&quot;, Helvetica, sans-serif; font-size: 15px;"><span style="color: rgb(87, 87, 87); font-family: Calibri, &quot;Trebuchet MS&quot;, Helvetica, sans-serif; font-size: 15px;">Part Payment : Yes</span><br style="margin: 0px; padding: 0px; color: rgb(87, 87, 87); font-family: Calibri, &quot;Trebuchet MS&quot;, Helvetica, sans-serif; font-size: 15px;"><span style="color: rgb(87, 87, 87); font-family: Calibri, &quot;Trebuchet MS&quot;, Helvetica, sans-serif; font-size: 15px;">Area : Indoor Use Only</span><br><div><span style="color: rgb(87, 87, 87); font-family: Calibri, &quot;Trebuchet MS&quot;, Helvetica, sans-serif; font-size: 15px;"><b>SIZE</b>:-</span></div><div><p style="margin-bottom: 1em; padding: 0px; line-height: 25px; color: rgb(87, 87, 87); font-family: Calibri, &quot;Trebuchet MS&quot;, Helvetica, sans-serif; font-size: 15px;">3 Seater L 84 * W 33.5 * H 33 INCH<br style="margin: 0px; padding: 0px;">2 Seater L 60 * W 33.5 * H 33 INCH<br style="margin: 0px; padding: 0px;">1 Seater L 36 * W 33.5 * H 33 INCH<br style="margin: 0px; padding: 0px;">Seating Height : 16 inch</p><p style="margin-bottom: 1em; padding: 0px; line-height: 25px; color: rgb(87, 87, 87); font-family: Calibri, &quot;Trebuchet MS&quot;, Helvetica, sans-serif; font-size: 15px;">&nbsp;</p></div>', 'aa.jpg', 'aa1.jpg', 'aa2.jpg', 0, 'In Stock', '2017-05-02 19:12:51', ''),
(54, 5, 10, 'chester Sofa Set (Fabric molphino_8)', 'sofa', 29990, 39299, '<span style="color: rgb(87, 87, 87); font-family: Calibri, &quot;Trebuchet MS&quot;, Helvetica, sans-serif; font-size: 15px;">Sku Code : Chester</span><br style="margin: 0px; padding: 0px; color: rgb(87, 87, 87); font-family: Calibri, &quot;Trebuchet MS&quot;, Helvetica, sans-serif; font-size: 15px;"><span style="color: rgb(87, 87, 87); font-family: Calibri, &quot;Trebuchet MS&quot;, Helvetica, sans-serif; font-size: 15px;">Assembly : no</span><br style="margin: 0px; padding: 0px; color: rgb(87, 87, 87); font-family: Calibri, &quot;Trebuchet MS&quot;, Helvetica, sans-serif; font-size: 15px;"><span style="color: rgb(87, 87, 87); font-family: Calibri, &quot;Trebuchet MS&quot;, Helvetica, sans-serif; font-size: 15px;">Style : Modern</span><br style="margin: 0px; padding: 0px; color: rgb(87, 87, 87); font-family: Calibri, &quot;Trebuchet MS&quot;, Helvetica, sans-serif; font-size: 15px;"><span style="color: rgb(87, 87, 87); font-family: Calibri, &quot;Trebuchet MS&quot;, Helvetica, sans-serif; font-size: 15px;">Finish : Fabric&nbsp;</span><br style="margin: 0px; padding: 0px; color: rgb(87, 87, 87); font-family: Calibri, &quot;Trebuchet MS&quot;, Helvetica, sans-serif; font-size: 15px;"><span style="color: rgb(87, 87, 87); font-family: Calibri, &quot;Trebuchet MS&quot;, Helvetica, sans-serif; font-size: 15px;">Room : Living Room</span><br style="margin: 0px; padding: 0px; color: rgb(87, 87, 87); font-family: Calibri, &quot;Trebuchet MS&quot;, Helvetica, sans-serif; font-size: 15px;"><span style="color: rgb(87, 87, 87); font-family: Calibri, &quot;Trebuchet MS&quot;, Helvetica, sans-serif; font-size: 15px;">Weight 1Seater : 24.2 Kg</span><br style="margin: 0px; padding: 0px; color: rgb(87, 87, 87); font-family: Calibri, &quot;Trebuchet MS&quot;, Helvetica, sans-serif; font-size: 15px;"><span style="color: rgb(87, 87, 87); font-family: Calibri, &quot;Trebuchet MS&quot;, Helvetica, sans-serif; font-size: 15px;">Weight 2Seater : 32 Kg</span><br style="margin: 0px; padding: 0px; color: rgb(87, 87, 87); font-family: Calibri, &quot;Trebuchet MS&quot;, Helvetica, sans-serif; font-size: 15px;"><span style="color: rgb(87, 87, 87); font-family: Calibri, &quot;Trebuchet MS&quot;, Helvetica, sans-serif; font-size: 15px;">Weight 3Seater: 54 Kg</span><br style="margin: 0px; padding: 0px; color: rgb(87, 87, 87); font-family: Calibri, &quot;Trebuchet MS&quot;, Helvetica, sans-serif; font-size: 15px;"><span style="color: rgb(87, 87, 87); font-family: Calibri, &quot;Trebuchet MS&quot;, Helvetica, sans-serif; font-size: 15px;">Warranty : 1 Year&nbsp;</span><br style="margin: 0px; padding: 0px; color: rgb(87, 87, 87); font-family: Calibri, &quot;Trebuchet MS&quot;, Helvetica, sans-serif; font-size: 15px;"><span style="color: rgb(87, 87, 87); font-family: Calibri, &quot;Trebuchet MS&quot;, Helvetica, sans-serif; font-size: 15px;">Cod : No</span><br style="margin: 0px; padding: 0px; color: rgb(87, 87, 87); font-family: Calibri, &quot;Trebuchet MS&quot;, Helvetica, sans-serif; font-size: 15px;"><span style="color: rgb(87, 87, 87); font-family: Calibri, &quot;Trebuchet MS&quot;, Helvetica, sans-serif; font-size: 15px;">Part Payment : Yes</span><br style="margin: 0px; padding: 0px; color: rgb(87, 87, 87); font-family: Calibri, &quot;Trebuchet MS&quot;, Helvetica, sans-serif; font-size: 15px;"><span style="color: rgb(87, 87, 87); font-family: Calibri, &quot;Trebuchet MS&quot;, Helvetica, sans-serif; font-size: 15px;">Area : Indoor Use Only</span><br><div><span style="color: rgb(87, 87, 87); font-family: Calibri, &quot;Trebuchet MS&quot;, Helvetica, sans-serif; font-size: 15px;"><b>SIZE:-</b></span></div><div><p style="margin-bottom: 1em; padding: 0px; line-height: 25px; color: rgb(87, 87, 87); font-family: Calibri, &quot;Trebuchet MS&quot;, Helvetica, sans-serif; font-size: 15px;">3 Seater L 89 * W 34 * H 33 INCH<br style="margin: 0px; padding: 0px;">2 Seater L 66 * W 34 * H 33 INCH<br style="margin: 0px; padding: 0px;">1 Seater L 43 * W 34 * H 33 INCH<br style="margin: 0px; padding: 0px;">Seating Height : 18 inch</p></div>', '1_820.jpg', '2_805.jpg', '3_805.jpg', 0, 'In Stock', '2017-05-02 19:15:39', ''),
(55, 5, 10, 'akia Sofa Set (Fabric molphino_9)', 'akia', 17650, 23599, '<span style="color: rgb(87, 87, 87); font-family: Calibri, &quot;Trebuchet MS&quot;, Helvetica, sans-serif; font-size: 15px;">Sku Code : Akia</span><br style="margin: 0px; padding: 0px; color: rgb(87, 87, 87); font-family: Calibri, &quot;Trebuchet MS&quot;, Helvetica, sans-serif; font-size: 15px;"><span style="color: rgb(87, 87, 87); font-family: Calibri, &quot;Trebuchet MS&quot;, Helvetica, sans-serif; font-size: 15px;">Assembly : no</span><br style="margin: 0px; padding: 0px; color: rgb(87, 87, 87); font-family: Calibri, &quot;Trebuchet MS&quot;, Helvetica, sans-serif; font-size: 15px;"><span style="color: rgb(87, 87, 87); font-family: Calibri, &quot;Trebuchet MS&quot;, Helvetica, sans-serif; font-size: 15px;">Style : Modern</span><br style="margin: 0px; padding: 0px; color: rgb(87, 87, 87); font-family: Calibri, &quot;Trebuchet MS&quot;, Helvetica, sans-serif; font-size: 15px;"><span style="color: rgb(87, 87, 87); font-family: Calibri, &quot;Trebuchet MS&quot;, Helvetica, sans-serif; font-size: 15px;">Finish : Melamine &amp; Fabric&nbsp;</span><br style="margin: 0px; padding: 0px; color: rgb(87, 87, 87); font-family: Calibri, &quot;Trebuchet MS&quot;, Helvetica, sans-serif; font-size: 15px;"><span style="color: rgb(87, 87, 87); font-family: Calibri, &quot;Trebuchet MS&quot;, Helvetica, sans-serif; font-size: 15px;">Room : Living Room</span><br style="margin: 0px; padding: 0px; color: rgb(87, 87, 87); font-family: Calibri, &quot;Trebuchet MS&quot;, Helvetica, sans-serif; font-size: 15px;"><span style="color: rgb(87, 87, 87); font-family: Calibri, &quot;Trebuchet MS&quot;, Helvetica, sans-serif; font-size: 15px;">Weight 1Seater : 44.2 Kg</span><br style="margin: 0px; padding: 0px; color: rgb(87, 87, 87); font-family: Calibri, &quot;Trebuchet MS&quot;, Helvetica, sans-serif; font-size: 15px;"><span style="color: rgb(87, 87, 87); font-family: Calibri, &quot;Trebuchet MS&quot;, Helvetica, sans-serif; font-size: 15px;">Weight 2Seater : 31.7 Kg</span><br style="margin: 0px; padding: 0px; color: rgb(87, 87, 87); font-family: Calibri, &quot;Trebuchet MS&quot;, Helvetica, sans-serif; font-size: 15px;"><span style="color: rgb(87, 87, 87); font-family: Calibri, &quot;Trebuchet MS&quot;, Helvetica, sans-serif; font-size: 15px;">Weight 3Seater: 18.1 Kg</span><br style="margin: 0px; padding: 0px; color: rgb(87, 87, 87); font-family: Calibri, &quot;Trebuchet MS&quot;, Helvetica, sans-serif; font-size: 15px;"><span style="color: rgb(87, 87, 87); font-family: Calibri, &quot;Trebuchet MS&quot;, Helvetica, sans-serif; font-size: 15px;">Warranty : 1 Year&nbsp;</span><br style="margin: 0px; padding: 0px; color: rgb(87, 87, 87); font-family: Calibri, &quot;Trebuchet MS&quot;, Helvetica, sans-serif; font-size: 15px;"><span style="color: rgb(87, 87, 87); font-family: Calibri, &quot;Trebuchet MS&quot;, Helvetica, sans-serif; font-size: 15px;">Cod : No</span><br style="margin: 0px; padding: 0px; color: rgb(87, 87, 87); font-family: Calibri, &quot;Trebuchet MS&quot;, Helvetica, sans-serif; font-size: 15px;"><span style="color: rgb(87, 87, 87); font-family: Calibri, &quot;Trebuchet MS&quot;, Helvetica, sans-serif; font-size: 15px;">Part Payment : Yes</span><br style="margin: 0px; padding: 0px; color: rgb(87, 87, 87); font-family: Calibri, &quot;Trebuchet MS&quot;, Helvetica, sans-serif; font-size: 15px;"><span style="color: rgb(87, 87, 87); font-family: Calibri, &quot;Trebuchet MS&quot;, Helvetica, sans-serif; font-size: 15px;">Area : Indoor Use Only</span><br><div><span style="color: rgb(87, 87, 87); font-family: Calibri, &quot;Trebuchet MS&quot;, Helvetica, sans-serif; font-size: 15px;"><b>SIZE:-</b></span></div><div><span style="color: rgb(87, 87, 87); font-family: Calibri, &quot;Trebuchet MS&quot;, Helvetica, sans-serif; font-size: 15px;">3 Seater L 84 * W 33.5 * H 33 INCH</span><br style="margin: 0px; padding: 0px; color: rgb(87, 87, 87); font-family: Calibri, &quot;Trebuchet MS&quot;, Helvetica, sans-serif; font-size: 15px;"><span style="color: rgb(87, 87, 87); font-family: Calibri, &quot;Trebuchet MS&quot;, Helvetica, sans-serif; font-size: 15px;">2 Seater L 60 * W 33.5 * H 33 INCH</span><br style="margin: 0px; padding: 0px; color: rgb(87, 87, 87); font-family: Calibri, &quot;Trebuchet MS&quot;, Helvetica, sans-serif; font-size: 15px;"><span style="color: rgb(87, 87, 87); font-family: Calibri, &quot;Trebuchet MS&quot;, Helvetica, sans-serif; font-size: 15px;">1 Seater L 36 * W 33.5 * H 33 INCH</span><br style="margin: 0px; padding: 0px; color: rgb(87, 87, 87); font-family: Calibri, &quot;Trebuchet MS&quot;, Helvetica, sans-serif; font-size: 15px;"><span style="color: rgb(87, 87, 87); font-family: Calibri, &quot;Trebuchet MS&quot;, Helvetica, sans-serif; font-size: 15px;">Seating Height : 16 inch</span><span style="color: rgb(87, 87, 87); font-family: Calibri, &quot;Trebuchet MS&quot;, Helvetica, sans-serif; font-size: 15px;"><b><br></b></span></div>', '1_2509.jpg', '1_25091.jpg', '1_25092.jpg', 149, 'In Stock', '2017-05-02 19:20:43', ''),
(56, 5, 10, 'lopez Sofa Set (Fabric molphino_5)', 'lopez', 17500, 23000, '<span style="color: rgb(87, 87, 87); font-family: Calibri, &quot;Trebuchet MS&quot;, Helvetica, sans-serif; font-size: 15px;">Sku Code : Lopez</span><br style="margin: 0px; padding: 0px; color: rgb(87, 87, 87); font-family: Calibri, &quot;Trebuchet MS&quot;, Helvetica, sans-serif; font-size: 15px;"><span style="color: rgb(87, 87, 87); font-family: Calibri, &quot;Trebuchet MS&quot;, Helvetica, sans-serif; font-size: 15px;">Assembly : no</span><br style="margin: 0px; padding: 0px; color: rgb(87, 87, 87); font-family: Calibri, &quot;Trebuchet MS&quot;, Helvetica, sans-serif; font-size: 15px;"><span style="color: rgb(87, 87, 87); font-family: Calibri, &quot;Trebuchet MS&quot;, Helvetica, sans-serif; font-size: 15px;">Style : Modern</span><br style="margin: 0px; padding: 0px; color: rgb(87, 87, 87); font-family: Calibri, &quot;Trebuchet MS&quot;, Helvetica, sans-serif; font-size: 15px;"><span style="color: rgb(87, 87, 87); font-family: Calibri, &quot;Trebuchet MS&quot;, Helvetica, sans-serif; font-size: 15px;">Finish : Melamine &amp; Fabric&nbsp;</span><br style="margin: 0px; padding: 0px; color: rgb(87, 87, 87); font-family: Calibri, &quot;Trebuchet MS&quot;, Helvetica, sans-serif; font-size: 15px;"><span style="color: rgb(87, 87, 87); font-family: Calibri, &quot;Trebuchet MS&quot;, Helvetica, sans-serif; font-size: 15px;">Room : Living Room</span><br style="margin: 0px; padding: 0px; color: rgb(87, 87, 87); font-family: Calibri, &quot;Trebuchet MS&quot;, Helvetica, sans-serif; font-size: 15px;"><span style="color: rgb(87, 87, 87); font-family: Calibri, &quot;Trebuchet MS&quot;, Helvetica, sans-serif; font-size: 15px;">Weight 1Seater : 44.2 Kg</span><br style="margin: 0px; padding: 0px; color: rgb(87, 87, 87); font-family: Calibri, &quot;Trebuchet MS&quot;, Helvetica, sans-serif; font-size: 15px;"><span style="color: rgb(87, 87, 87); font-family: Calibri, &quot;Trebuchet MS&quot;, Helvetica, sans-serif; font-size: 15px;">Weight 2Seater : 31.7 Kg</span><br style="margin: 0px; padding: 0px; color: rgb(87, 87, 87); font-family: Calibri, &quot;Trebuchet MS&quot;, Helvetica, sans-serif; font-size: 15px;"><span style="color: rgb(87, 87, 87); font-family: Calibri, &quot;Trebuchet MS&quot;, Helvetica, sans-serif; font-size: 15px;">Weight 3Seater: 18.1 Kg</span><br style="margin: 0px; padding: 0px; color: rgb(87, 87, 87); font-family: Calibri, &quot;Trebuchet MS&quot;, Helvetica, sans-serif; font-size: 15px;"><span style="color: rgb(87, 87, 87); font-family: Calibri, &quot;Trebuchet MS&quot;, Helvetica, sans-serif; font-size: 15px;">Warranty : 1 Year&nbsp;</span><br style="margin: 0px; padding: 0px; color: rgb(87, 87, 87); font-family: Calibri, &quot;Trebuchet MS&quot;, Helvetica, sans-serif; font-size: 15px;"><span style="color: rgb(87, 87, 87); font-family: Calibri, &quot;Trebuchet MS&quot;, Helvetica, sans-serif; font-size: 15px;">Cod : No</span><br style="margin: 0px; padding: 0px; color: rgb(87, 87, 87); font-family: Calibri, &quot;Trebuchet MS&quot;, Helvetica, sans-serif; font-size: 15px;"><span style="color: rgb(87, 87, 87); font-family: Calibri, &quot;Trebuchet MS&quot;, Helvetica, sans-serif; font-size: 15px;">Part Payment : Yes</span><br style="margin: 0px; padding: 0px; color: rgb(87, 87, 87); font-family: Calibri, &quot;Trebuchet MS&quot;, Helvetica, sans-serif; font-size: 15px;"><span style="color: rgb(87, 87, 87); font-family: Calibri, &quot;Trebuchet MS&quot;, Helvetica, sans-serif; font-size: 15px;">Area : Indoor Use Only</span><br><div><span style="color: rgb(87, 87, 87); font-family: Calibri, &quot;Trebuchet MS&quot;, Helvetica, sans-serif; font-size: 15px;"><b>SIZE:-</b></span></div><div><span style="color: rgb(87, 87, 87); font-family: Calibri, &quot;Trebuchet MS&quot;, Helvetica, sans-serif; font-size: 15px;">3 Seater L 84 * W 33.5 * H 33 INCH</span><br style="margin: 0px; padding: 0px; color: rgb(87, 87, 87); font-family: Calibri, &quot;Trebuchet MS&quot;, Helvetica, sans-serif; font-size: 15px;"><span style="color: rgb(87, 87, 87); font-family: Calibri, &quot;Trebuchet MS&quot;, Helvetica, sans-serif; font-size: 15px;">2 Seater L 60 * W 33.5 * H 33 INCH</span><br style="margin: 0px; padding: 0px; color: rgb(87, 87, 87); font-family: Calibri, &quot;Trebuchet MS&quot;, Helvetica, sans-serif; font-size: 15px;"><span style="color: rgb(87, 87, 87); font-family: Calibri, &quot;Trebuchet MS&quot;, Helvetica, sans-serif; font-size: 15px;">1 Seater L 36 * W 33.5 * H 33 INCH</span><br style="margin: 0px; padding: 0px; color: rgb(87, 87, 87); font-family: Calibri, &quot;Trebuchet MS&quot;, Helvetica, sans-serif; font-size: 15px;"><span style="color: rgb(87, 87, 87); font-family: Calibri, &quot;Trebuchet MS&quot;, Helvetica, sans-serif; font-size: 15px;">Seating Height : 16 inch</span><span style="color: rgb(87, 87, 87); font-family: Calibri, &quot;Trebuchet MS&quot;, Helvetica, sans-serif; font-size: 15px;"><b><br></b></span></div>', '1_2644.jpg', '2_2723.jpg', '3_2722.jpg', 0, 'In Stock', '2017-05-02 19:26:19', ''),
(57, 5, 11, 'RETRO ROUND COMPACT DINING TABLE', 'retro', 18990, 47475, '<span style="margin: 0px; padding: 0px; color: rgb(87, 87, 87); font-family: Calibri, &quot;Trebuchet MS&quot;, Helvetica, sans-serif; font-size: small;">Sku Code : 537 #&nbsp;</span><br style="margin: 0px; padding: 0px; color: rgb(87, 87, 87); font-family: Calibri, &quot;Trebuchet MS&quot;, Helvetica, sans-serif; font-size: 15px;"><span style="margin: 0px; padding: 0px; color: rgb(87, 87, 87); font-family: Calibri, &quot;Trebuchet MS&quot;, Helvetica, sans-serif; font-size: small;">Assembly : Yes&nbsp;</span><br style="margin: 0px; padding: 0px; color: rgb(87, 87, 87); font-family: Calibri, &quot;Trebuchet MS&quot;, Helvetica, sans-serif; font-size: 15px;"><span style="margin: 0px; padding: 0px; color: rgb(87, 87, 87); font-family: Calibri, &quot;Trebuchet MS&quot;, Helvetica, sans-serif; font-size: small;">Style : Modern</span><br style="margin: 0px; padding: 0px; color: rgb(87, 87, 87); font-family: Calibri, &quot;Trebuchet MS&quot;, Helvetica, sans-serif; font-size: 15px;"><span style="margin: 0px; padding: 0px; color: rgb(87, 87, 87); font-family: Calibri, &quot;Trebuchet MS&quot;, Helvetica, sans-serif; font-size: small;">Room : Dining Room</span><br style="margin: 0px; padding: 0px; color: rgb(87, 87, 87); font-family: Calibri, &quot;Trebuchet MS&quot;, Helvetica, sans-serif; font-size: 15px;"><span style="margin: 0px; padding: 0px; color: rgb(87, 87, 87); font-family: Calibri, &quot;Trebuchet MS&quot;, Helvetica, sans-serif; font-size: small;">Table Shape : Semi Round</span><br style="margin: 0px; padding: 0px; color: rgb(87, 87, 87); font-family: Calibri, &quot;Trebuchet MS&quot;, Helvetica, sans-serif; font-size: 15px;"><span style="margin: 0px; padding: 0px; color: rgb(87, 87, 87); font-family: Calibri, &quot;Trebuchet MS&quot;, Helvetica, sans-serif; font-size: small;">Table Color : Red &amp; Black&nbsp;</span><br style="margin: 0px; padding: 0px; color: rgb(87, 87, 87); font-family: Calibri, &quot;Trebuchet MS&quot;, Helvetica, sans-serif; font-size: 15px;"><span style="margin: 0px; padding: 0px; color: rgb(87, 87, 87); font-family: Calibri, &quot;Trebuchet MS&quot;, Helvetica, sans-serif; font-size: small;">Chair Color : Red &amp; Black</span><br style="margin: 0px; padding: 0px; color: rgb(87, 87, 87); font-family: Calibri, &quot;Trebuchet MS&quot;, Helvetica, sans-serif; font-size: 15px;"><span style="margin: 0px; padding: 0px; color: rgb(87, 87, 87); font-family: Calibri, &quot;Trebuchet MS&quot;, Helvetica, sans-serif; font-size: small;">Table Weight : 28.3 kg&nbsp;</span><br style="margin: 0px; padding: 0px; color: rgb(87, 87, 87); font-family: Calibri, &quot;Trebuchet MS&quot;, Helvetica, sans-serif; font-size: 15px;"><span style="margin: 0px; padding: 0px; color: rgb(87, 87, 87); font-family: Calibri, &quot;Trebuchet MS&quot;, Helvetica, sans-serif; font-size: small;">Chair Weight : 5.4 Kg</span><br style="margin: 0px; padding: 0px; color: rgb(87, 87, 87); font-family: Calibri, &quot;Trebuchet MS&quot;, Helvetica, sans-serif; font-size: 15px;"><span style="margin: 0px; padding: 0px; color: rgb(87, 87, 87); font-family: Calibri, &quot;Trebuchet MS&quot;, Helvetica, sans-serif; font-size: small;">Warranty : 1 Year&nbsp;</span><br style="margin: 0px; padding: 0px; color: rgb(87, 87, 87); font-family: Calibri, &quot;Trebuchet MS&quot;, Helvetica, sans-serif; font-size: 15px;"><span style="margin: 0px; padding: 0px; color: rgb(87, 87, 87); font-family: Calibri, &quot;Trebuchet MS&quot;, Helvetica, sans-serif; font-size: small;">Area Required : L 48 * W 48</span><br style="margin: 0px; padding: 0px; color: rgb(87, 87, 87); font-family: Calibri, &quot;Trebuchet MS&quot;, Helvetica, sans-serif; font-size: 15px;"><span style="margin: 0px; padding: 0px; color: rgb(87, 87, 87); font-family: Calibri, &quot;Trebuchet MS&quot;, Helvetica, sans-serif; font-size: small;">Cod : Yes&nbsp;</span><br style="margin: 0px; padding: 0px; color: rgb(87, 87, 87); font-family: Calibri, &quot;Trebuchet MS&quot;, Helvetica, sans-serif; font-size: 15px;"><span style="margin: 0px; padding: 0px; color: rgb(87, 87, 87); font-family: Calibri, &quot;Trebuchet MS&quot;, Helvetica, sans-serif; font-size: small;">Area : Indoor Use Only</span><br><div><span style="margin: 0px; padding: 0px; color: rgb(87, 87, 87); font-family: Calibri, &quot;Trebuchet MS&quot;, Helvetica, sans-serif; font-size: small;"><b>SIZE:-</b></span></div><div><span style="margin: 0px; padding: 0px; color: rgb(87, 87, 87); font-family: Calibri, &quot;Trebuchet MS&quot;, Helvetica, sans-serif; font-size: small;"><span style="margin: 0px; padding: 0px;">Table Size : L 39.5* W 39.5 * H 29.5 Inch</span><br style="margin: 0px; padding: 0px; font-size: 15px;"><span style="margin: 0px; padding: 0px;">Chair Seating Size : L 16 * W 16</span><br style="margin: 0px; padding: 0px; font-size: 15px;"><span style="margin: 0px; padding: 0px;">Chair Height : 27.5 inch</span><b><br></b></span></div>', 'retro_round_compact_dining_table_small_space_round_dining.jpeg', 'retro_round_compact_dining_table_htr.jpeg', 'retro_round_compact_dining_table_fgw.jpeg', 99, 'In Stock', '2017-05-02 19:36:06', ''),
(58, 5, 9, 'ELIAN-SINGLE BED IN DARK WENGE FINISH', 'elian', 13499, 33250, '<p style="margin-bottom: 1em; padding: 0px; line-height: 25px; color: rgb(87, 87, 87); font-family: Calibri, &quot;Trebuchet MS&quot;, Helvetica, sans-serif; font-size: 15px;"><span style="margin: 0px; padding: 0px; font-size: small;">Sku Code : Elian Single Bed</span><br style="margin: 0px; padding: 0px;"><span style="margin: 0px; padding: 0px; font-size: small;">Assembly : Carpenter Assembly</span><br style="margin: 0px; padding: 0px;"><span style="margin: 0px; padding: 0px; font-size: small;">Style : Modern</span><br style="margin: 0px; padding: 0px;"><span style="margin: 0px; padding: 0px; font-size: small;">Finish : Pvc Lamination&nbsp;</span><br style="margin: 0px; padding: 0px;"><span style="margin: 0px; padding: 0px; font-size: small;">Room : Bed Room</span><br style="margin: 0px; padding: 0px;"><span style="margin: 0px; padding: 0px; font-size: small;">Weight Single Bed : 48.3 Kg</span><br style="margin: 0px; padding: 0px;"><span style="margin: 0px; padding: 0px; font-size: small;">Warranty : 1 Year&nbsp;</span><br style="margin: 0px; padding: 0px;"><span style="margin: 0px; padding: 0px; font-size: small;">Area : Indoor Use Only</span></p><p style="margin-bottom: 1em; padding: 0px; line-height: 25px; color: rgb(87, 87, 87); font-family: Calibri, &quot;Trebuchet MS&quot;, Helvetica, sans-serif;"><font size="2"><b>SIZE:-</b></font></p><p style="text-align: left; margin-bottom: 1em; padding: 0px; line-height: 25px; color: rgb(87, 87, 87); font-family: Calibri, &quot;Trebuchet MS&quot;, Helvetica, sans-serif; font-size: 15px;"><span style="margin: 0px; padding: 0px; font-size: small;">Single L 36 * W 73 * H 33 INCH</span></p><p style="margin-bottom: 1em; padding: 0px; line-height: 25px; color: rgb(87, 87, 87); font-family: Calibri, &quot;Trebuchet MS&quot;, Helvetica, sans-serif; font-size: 15px;"><div style="text-align: left;"><span style="font-size: small;">Headborad Height : 33 inch&nbsp;</span></div><span style="margin: 0px; padding: 0px; font-size: small;"><div style="text-align: left;">Legborad &nbsp;Height : &nbsp; 14 inch&nbsp;</div></span></p>', 'bed.jpg', 'bed3.jpg', 'bed1.jpg', 299, 'In Stock', '2017-05-02 19:43:38', ''),
(59, 5, 9, 'DREAMZEE ORTHOCARE MEMORY FOAM EUROTOP MATTRESS', 'DREAMZEE ORTHOCARE', 9600, 16000, '<table width="100%" cellspacing="0" cellpadding="0" style="margin: 0px; padding: 0px; border: 0px; color: rgb(51, 51, 51); font-family: Arial;"><tbody style="margin: 0px; padding: 0px; border: 0px;"><tr style="margin: 0px; padding: 0px; border: 0px;"><td class="attrLabels" style="margin: 0px; padding: 3px 30px 3px 0px; border: 0px; white-space: nowrap; vertical-align: top;">Condition:</td><td width="50.0%" style="margin: 0px; padding: 3px 30px 3px 0px; border: 0px; vertical-align: top;"><div aria-live="polite" style="margin: 0px; padding: 0px; border: 0px;">New:&nbsp;<span id="vi-cond-addl-info" style="margin: 0px; padding: 0px; border: 0px; font-size: inherit; font-family: inherit;">A brand-new, unused and undamaged item that is fully opeartional and functions as intended. See the&nbsp;</span><span id="readFull" class="infoLink u-nowrap" style="margin: 0px; padding: 0px; border: 0px; font-size: inherit; white-space: nowrap; font-family: inherit;">...&nbsp;<a style="color: rgb(6, 84, 186);">Read more<b class="g-hdn" style="margin: 0px; padding: 0px; border: 0px; font-size: 0px; height: 0px; line-height: 0; outline: none medium; overflow: hidden; position: absolute; width: 0px; z-index: -1;"></b></a></span></div></td><td class="attrLabels" style="margin: 0px; padding: 3px 30px 3px 0px; border: 0px; white-space: nowrap; vertical-align: top;">Brand:</td><td width="50.0%" style="margin: 0px; padding: 3px 30px 3px 0px; border: 0px; vertical-align: top;"><span style="margin: 0px; padding: 0px; border: 0px; font-size: inherit; font-family: inherit;">Dreamzee Mattress</span></td></tr><tr style="margin: 0px; padding: 0px; border: 0px;"><td class="attrLabels" style="margin: 0px; padding: 3px 30px 3px 0px; border: 0px; white-space: nowrap; vertical-align: top;">Assembly:</td><td width="50.0%" style="margin: 0px; padding: 3px 30px 3px 0px; border: 0px; vertical-align: top;"><span style="margin: 0px; padding: 0px; border: 0px; font-size: inherit; font-family: inherit;">Assembly not Required</span></td><td class="attrLabels" style="margin: 0px; padding: 3px 30px 3px 0px; border: 0px; white-space: nowrap; vertical-align: top;">Style:</td><td width="50.0%" style="margin: 0px; padding: 3px 30px 3px 0px; border: 0px; vertical-align: top;"><span style="margin: 0px; padding: 0px; border: 0px; font-size: inherit; font-family: inherit;">Designer</span></td></tr><tr style="margin: 0px; padding: 0px; border: 0px;"><td class="attrLabels" style="margin: 0px; padding: 3px 30px 3px 0px; border: 0px; white-space: nowrap; vertical-align: top;">Material:</td><td width="50.0%" style="margin: 0px; padding: 3px 30px 3px 0px; border: 0px; vertical-align: top;"><span style="margin: 0px; padding: 0px; border: 0px; font-size: inherit; font-family: inherit;">Fabric</span></td><td class="attrLabels" style="margin: 0px; padding: 3px 30px 3px 0px; border: 0px; white-space: nowrap; vertical-align: top;">MPN:</td><td width="50.0%" style="margin: 0px; padding: 3px 30px 3px 0px; border: 0px; vertical-align: top;"><span style="margin: 0px; padding: 0px; border: 0px; font-size: inherit; font-family: inherit;">Does Not Apply</span></td></tr><tr style="margin: 0px; padding: 0px; border: 0px;"><td class="attrLabels" style="margin: 0px; padding: 3px 30px 3px 0px; border: 0px; white-space: nowrap; vertical-align: top;">Colour:</td><td width="50.0%" style="margin: 0px; padding: 3px 30px 3px 0px; border: 0px; vertical-align: top;"><span style="margin: 0px; padding: 0px; border: 0px; font-size: inherit; font-family: inherit;">White</span></td><td class="attrLabels" style="margin: 0px; padding: 3px 30px 3px 0px; border: 0px; white-space: nowrap; vertical-align: top;">Type:</td><td width="50.0%" style="margin: 0px; padding: 3px 30px 3px 0px; border: 0px; vertical-align: top;"><span style="margin: 0px; padding: 0px; border: 0px; font-size: inherit; font-family: inherit;">Memory Foam</span></td></tr><tr style="margin: 0px; padding: 0px; border: 0px;"><td class="attrLabels" style="margin: 0px; padding: 3px 30px 3px 0px; border: 0px; white-space: nowrap; vertical-align: top;">Warranty:</td><td width="50.0%" style="margin: 0px; padding: 3px 30px 3px 0px; border: 0px; vertical-align: top;"><span style="margin: 0px; padding: 0px; border: 0px; font-size: inherit; font-family: inherit;">Manufacturer Warranty</span></td></tr></tbody></table>', '$_57.JPG', '$_57 (1).JPG', '$_57 (2).JPG', 349, 'In Stock', '2017-05-02 19:46:12', '');
INSERT INTO `products` (`id`, `category`, `subCategory`, `productName`, `productCompany`, `productPrice`, `productPriceBeforeDiscount`, `productDescription`, `productImage1`, `productImage2`, `productImage3`, `shippingCharge`, `productAvailability`, `postingDate`, `updationDate`) VALUES
(60, 5, 9, 'OMNY BLACK-DIVAN ( DAY BED )-(FABRIC MOLPHINO_5)', 'OMNY', 28790, 33449, '<p style="margin-bottom: 1em; padding: 0px; line-height: 25px; color: rgb(87, 87, 87); font-family: Calibri, &quot;Trebuchet MS&quot;, Helvetica, sans-serif; font-size: 15px;">Sku Code : Omny<br style="margin: 0px; padding: 0px;">Assembly : no<br style="margin: 0px; padding: 0px;">Style : Modern<br style="margin: 0px; padding: 0px;">Finish : Fabric&nbsp;<br style="margin: 0px; padding: 0px;">Room : Living Room<br style="margin: 0px; padding: 0px;">Weight 3Seater: 46 Kg<br style="margin: 0px; padding: 0px;">Warranty : 1 Year&nbsp;<br style="margin: 0px; padding: 0px;">Cod : No<br style="margin: 0px; padding: 0px;">Area : Indoor Use Only</p><div><p style="margin-bottom: 1em; padding: 0px; line-height: 25px; color: rgb(87, 87, 87); font-family: Calibri, &quot;Trebuchet MS&quot;, Helvetica, sans-serif; font-size: 15px;"><b>SIZE</b></p><p style="margin-bottom: 1em; padding: 0px; line-height: 25px; color: rgb(87, 87, 87); font-family: Calibri, &quot;Trebuchet MS&quot;, Helvetica, sans-serif; font-size: 15px;">3 Seater L 72 * W 36 * H 26.5 INCH<br style="margin: 0px; padding: 0px;">Seating Height : 18 inch</p></div>', '5d_7.jpg', '5e_4.jpg', '5f_3_5.jpg', 0, 'In Stock', '2017-05-02 19:49:34', ''),
(61, 5, 9, 'CHICA-SINGLE BED IN DARK WENGE FINISH WITH STORAGE', 'CHICA', 14250, 35625, '<span style="margin: 0px; padding: 0px; color: rgb(87, 87, 87); font-family: Calibri, &quot;Trebuchet MS&quot;, Helvetica, sans-serif; font-size: small;">Sku Code : Chica Single Bed</span><br style="margin: 0px; padding: 0px; color: rgb(87, 87, 87); font-family: Calibri, &quot;Trebuchet MS&quot;, Helvetica, sans-serif; font-size: 15px;"><span style="margin: 0px; padding: 0px; color: rgb(87, 87, 87); font-family: Calibri, &quot;Trebuchet MS&quot;, Helvetica, sans-serif; font-size: small;">Assembly : Carpenter Assembly</span><br style="margin: 0px; padding: 0px; color: rgb(87, 87, 87); font-family: Calibri, &quot;Trebuchet MS&quot;, Helvetica, sans-serif; font-size: 15px;"><span style="margin: 0px; padding: 0px; color: rgb(87, 87, 87); font-family: Calibri, &quot;Trebuchet MS&quot;, Helvetica, sans-serif; font-size: small;">Style : Modern</span><br style="margin: 0px; padding: 0px; color: rgb(87, 87, 87); font-family: Calibri, &quot;Trebuchet MS&quot;, Helvetica, sans-serif; font-size: 15px;"><span style="margin: 0px; padding: 0px; color: rgb(87, 87, 87); font-family: Calibri, &quot;Trebuchet MS&quot;, Helvetica, sans-serif; font-size: small;">Finish : Pvc Lamination&nbsp;</span><br style="margin: 0px; padding: 0px; color: rgb(87, 87, 87); font-family: Calibri, &quot;Trebuchet MS&quot;, Helvetica, sans-serif; font-size: 15px;"><span style="margin: 0px; padding: 0px; color: rgb(87, 87, 87); font-family: Calibri, &quot;Trebuchet MS&quot;, Helvetica, sans-serif; font-size: small;">Room : Bed Room</span><br style="margin: 0px; padding: 0px; color: rgb(87, 87, 87); font-family: Calibri, &quot;Trebuchet MS&quot;, Helvetica, sans-serif; font-size: 15px;"><span style="margin: 0px; padding: 0px; color: rgb(87, 87, 87); font-family: Calibri, &quot;Trebuchet MS&quot;, Helvetica, sans-serif; font-size: small;">Weight Single Bed : 48.3 Kg</span><br style="margin: 0px; padding: 0px; color: rgb(87, 87, 87); font-family: Calibri, &quot;Trebuchet MS&quot;, Helvetica, sans-serif; font-size: 15px;"><span style="margin: 0px; padding: 0px; color: rgb(87, 87, 87); font-family: Calibri, &quot;Trebuchet MS&quot;, Helvetica, sans-serif; font-size: small;">Warranty : 1 Year&nbsp;</span><br style="margin: 0px; padding: 0px; color: rgb(87, 87, 87); font-family: Calibri, &quot;Trebuchet MS&quot;, Helvetica, sans-serif; font-size: 15px;"><span style="margin: 0px; padding: 0px; color: rgb(87, 87, 87); font-family: Calibri, &quot;Trebuchet MS&quot;, Helvetica, sans-serif; font-size: small;">Area : Indoor Use Only</span><br><div><span style="margin: 0px; padding: 0px; color: rgb(87, 87, 87); font-family: Calibri, &quot;Trebuchet MS&quot;, Helvetica, sans-serif;"><b><font size="3">size:-</font></b></span></div><div><span style="margin: 0px; padding: 0px; color: rgb(87, 87, 87); font-family: Calibri, &quot;Trebuchet MS&quot;, Helvetica, sans-serif;"><p style="margin-bottom: 1em; padding: 0px; line-height: 25px; font-size: 15px;"><span style="margin: 0px; padding: 0px; font-size: small;">Single L 36 * W 78 * H 33 INCH</span></p><p style="margin-bottom: 1em; padding: 0px; line-height: 25px; font-size: 15px;"><span style="margin: 0px; padding: 0px; font-size: small;">Headborad Height : 33 inch&nbsp;</span><br style="margin: 0px; padding: 0px;"><span style="margin: 0px; padding: 0px; font-size: small;">Legborad &nbsp;Height : &nbsp; 14 inch&nbsp;</span></p></span></div>', 'chica_7__4.jpg', 'chica_8__4.jpg', 'chica_6__4.jpg', 390, 'In Stock', '2017-05-02 19:53:39', ''),
(62, 5, 9, 'Tube Style Tweak King Size Bed (Black)', 'TUBE STYLE', 12686, 22494, '<table cellspacing="0" cellpadding="0" border="0" style="box-sizing: border-box; width: 605px; table-layout: fixed; color: rgb(51, 51, 51); font-family: Arial; font-size: 12px; background-color: rgb(255, 255, 255); margin-bottom: 0px !important;"><tbody style="box-sizing: border-box;"><tr style="box-sizing: border-box;"><td class="label" style="box-sizing: border-box; vertical-align: top; padding: 3px 1px 3px 10px; color: rgb(102, 102, 102); font-size: 12px; border-top: 1px dotted rgb(204, 204, 204); line-height: 18px; background-color: rgb(245, 245, 245); width: 211px;">Color</td><td class="value" style="box-sizing: border-box; vertical-align: top; padding: 3px 1px 3px 10px; border-top: 1px dotted rgb(204, 204, 204); line-height: 18px;">Black</td></tr><tr class="size-weight" style="box-sizing: border-box;"><td class="label" style="box-sizing: border-box; vertical-align: top; padding: 3px 1px 3px 10px; color: rgb(102, 102, 102); font-size: 12px; border-top: 1px dotted rgb(204, 204, 204); line-height: 18px; background-color: rgb(245, 245, 245); width: 211px;">Item Weight</td><td class="value" style="box-sizing: border-box; vertical-align: top; padding: 3px 1px 3px 10px; border-top: 1px dotted rgb(204, 204, 204); line-height: 18px;">120 Kg</td></tr><tr class="size-weight" style="box-sizing: border-box;"><td class="label" style="box-sizing: border-box; vertical-align: top; padding: 3px 1px 3px 10px; color: rgb(102, 102, 102); font-size: 12px; border-top: 1px dotted rgb(204, 204, 204); line-height: 18px; background-color: rgb(245, 245, 245); width: 211px;">Product Dimensions</td><td class="value" style="box-sizing: border-box; vertical-align: top; padding: 3px 1px 3px 10px; border-top: 1px dotted rgb(204, 204, 204); line-height: 18px;">210.8 x 182.9 x 76.2 cm</td></tr><tr style="box-sizing: border-box;"><td class="label" style="box-sizing: border-box; vertical-align: top; padding: 3px 1px 3px 10px; color: rgb(102, 102, 102); font-size: 12px; border-top: 1px dotted rgb(204, 204, 204); line-height: 18px; background-color: rgb(245, 245, 245); width: 211px;">Shipping Weight</td><td class="value" style="box-sizing: border-box; vertical-align: top; padding: 3px 1px 3px 10px; border-top: 1px dotted rgb(204, 204, 204); line-height: 18px;">120 Kilograms</td></tr><tr style="box-sizing: border-box;"><td class="label" style="box-sizing: border-box; vertical-align: top; padding: 3px 1px 3px 10px; color: rgb(102, 102, 102); font-size: 12px; border-top: 1px dotted rgb(204, 204, 204); line-height: 18px; background-color: rgb(245, 245, 245); width: 211px;">Item Model Number</td><td class="value" style="box-sizing: border-box; vertical-align: top; padding: 3px 1px 3px 10px; border-top: 1px dotted rgb(204, 204, 204); line-height: 18px;">TSMB005</td></tr><tr style="box-sizing: border-box;"><td class="label" style="box-sizing: border-box; vertical-align: top; padding: 3px 1px 3px 10px; color: rgb(102, 102, 102); font-size: 12px; border-top: 1px dotted rgb(204, 204, 204); line-height: 18px; background-color: rgb(245, 245, 245); width: 211px;">Frame Material</td><td class="value" style="box-sizing: border-box; vertical-align: top; padding: 3px 1px 3px 10px; border-top: 1px dotted rgb(204, 204, 204); line-height: 18px;">Metal</td></tr><tr style="box-sizing: border-box;"><td class="label" style="box-sizing: border-box; vertical-align: top; padding: 3px 1px 3px 10px; color: rgb(102, 102, 102); font-size: 12px; border-top: 1px dotted rgb(204, 204, 204); line-height: 18px; background-color: rgb(245, 245, 245); width: 211px;">Item Part Number</td><td class="value" style="box-sizing: border-box; vertical-align: top; padding: 3px 1px 3px 10px; border-top: 1px dotted rgb(204, 204, 204); line-height: 18px;">TUBHRCRB4</td></tr><tr style="box-sizing: border-box;"><td class="label" style="box-sizing: border-box; vertical-align: top; padding: 3px 1px 3px 10px; color: rgb(102, 102, 102); font-size: 12px; border-top: 1px dotted rgb(204, 204, 204); line-height: 18px; background-color: rgb(245, 245, 245); width: 211px;">Is Assembly Required</td><td class="value" style="box-sizing: border-box; vertical-align: top; padding: 3px 1px 3px 10px; border-top: 1px dotted rgb(204, 204, 204); line-height: 18px;">Yes</td></tr><tr style="box-sizing: border-box;"><td class="label" style="box-sizing: border-box; vertical-align: top; padding: 3px 1px 3px 10px; color: rgb(102, 102, 102); font-size: 12px; border-top: 1px dotted rgb(204, 204, 204); line-height: 18px; background-color: rgb(245, 245, 245); width: 211px;">Primary material</td><td class="value" style="box-sizing: border-box; vertical-align: top; padding: 3px 1px 3px 10px; border-top: 1px dotted rgb(204, 204, 204); line-height: 18px;">Metal</td></tr><tr style="box-sizing: border-box;"><td class="label" style="box-sizing: border-box; vertical-align: top; padding: 3px 1px 3px 10px; color: rgb(102, 102, 102); font-size: 12px; border-top: 1px dotted rgb(204, 204, 204); line-height: 18px; background-color: rgb(245, 245, 245); width: 211px;">Metal Type</td><td class="value" style="box-sizing: border-box; vertical-align: top; padding: 3px 1px 3px 10px; border-top: 1px dotted rgb(204, 204, 204); line-height: 18px;">Steel</td></tr><tr style="box-sizing: border-box;"><td class="label" style="box-sizing: border-box; vertical-align: top; padding: 3px 1px 3px 10px; color: rgb(102, 102, 102); font-size: 12px; border-top: 1px dotted rgb(204, 204, 204); line-height: 18px; background-color: rgb(245, 245, 245); width: 211px;">Capacity</td><td class="value" style="box-sizing: border-box; vertical-align: top; padding: 3px 1px 3px 10px; border-top: 1px dotted rgb(204, 204, 204); line-height: 18px;">King</td></tr><tr style="box-sizing: border-box;"><td class="label" style="box-sizing: border-box; vertical-align: top; padding: 3px 1px 3px 10px; color: rgb(102, 102, 102); font-size: 12px; border-top: 1px dotted rgb(204, 204, 204); line-height: 18px; background-color: rgb(245, 245, 245); width: 211px;">Storage Availability</td><td class="value" style="box-sizing: border-box; vertical-align: top; padding: 3px 1px 3px 10px; border-top: 1px dotted rgb(204, 204, 204); line-height: 18px;">No</td></tr><tr style="box-sizing: border-box;"><td class="label" style="box-sizing: border-box; vertical-align: top; padding: 3px 1px 3px 10px; color: rgb(102, 102, 102); font-size: 12px; border-top: 1px dotted rgb(204, 204, 204); line-height: 18px; background-color: rgb(245, 245, 245); width: 211px;">Number of Pieces</td><td class="value" style="box-sizing: border-box; vertical-align: top; padding: 3px 1px 3px 10px; border-top: 1px dotted rgb(204, 204, 204); line-height: 18px;">1</td></tr><tr style="box-sizing: border-box;"><td class="label" style="box-sizing: border-box; vertical-align: top; padding: 3px 1px 3px 10px; color: rgb(102, 102, 102); font-size: 12px; border-top: 1px dotted rgb(204, 204, 204); line-height: 18px; background-color: rgb(245, 245, 245); width: 211px;">What is in the box?</td><td class="value" style="box-sizing: border-box; vertical-align: top; padding: 3px 1px 3px 10px; border-top: 1px dotted rgb(204, 204, 204); line-height: 18px;">Bed</td></tr><tr style="box-sizing: border-box;"><td class="label" style="box-sizing: border-box; vertical-align: top; padding: 3px 1px 3px 10px; color: rgb(102, 102, 102); font-size: 12px; border-top: 1px dotted rgb(204, 204, 204); line-height: 18px; background-color: rgb(245, 245, 245); width: 211px;">Assembly Type</td><td class="value" style="box-sizing: border-box; vertical-align: top; padding: 3px 1px 3px 10px; border-top: 1px dotted rgb(204, 204, 204); line-height: 18px;">Require Assembly</td></tr></tbody></table>', 'BB.jpg', '61UJHU44EzL._SL1290_.jpg', '61S4IPbaK4L._SL1290_.jpg', 299, 'In Stock', '2017-05-02 19:58:01', ''),
(63, 4, 5, 'Mi 10000 mAh Power Bank (Silver)', 'POWER BANK', 1259, 1290, '<br><div><ul class="dtls-list clear" style="box-sizing: border-box; -webkit-font-smoothing: subpixel-antialiased; margin-top: 20px; margin-bottom: 20px; margin-left: 0px; border: 0px; font-variant-numeric: inherit; font-stretch: inherit; font-size: 14px; line-height: inherit; font-family: font-regular; vertical-align: baseline; list-style: none; color: rgb(0, 0, 0);"><li class="col-xs-8 dtls-li" style="box-sizing: border-box; -webkit-font-smoothing: subpixel-antialiased; margin: 0px; padding: 0px 15px; border: 0px; font-style: inherit; font-variant: inherit; font-weight: inherit; font-stretch: inherit; font-size: 13px; line-height: 22px; font-family: inherit; vertical-align: baseline; position: relative; min-height: 1px; float: left; width: 297px; white-space: initial; overflow: initial; text-overflow: initial; color: rgb(102, 102, 102); display: table;"><span class="h-content" style="box-sizing: border-box; -webkit-font-smoothing: subpixel-antialiased; margin: 0px; padding: 0px; border: 0px; font-style: inherit; font-variant: inherit; font-weight: inherit; font-stretch: inherit; font-size: inherit; line-height: inherit; font-family: inherit; vertical-align: baseline; display: table-cell;">MI</span></li><li class="col-xs-8 dtls-li" style="box-sizing: border-box; -webkit-font-smoothing: subpixel-antialiased; margin: 0px; padding: 0px 15px; border: 0px; font-style: inherit; font-variant: inherit; font-weight: inherit; font-stretch: inherit; font-size: 13px; line-height: 22px; font-family: inherit; vertical-align: baseline; position: relative; min-height: 1px; float: left; width: 297px; white-space: initial; overflow: initial; text-overflow: initial; color: rgb(102, 102, 102); display: table;"><span class="list-cicrle-cont" style="box-sizing: border-box; -webkit-font-smoothing: subpixel-antialiased; margin: 0px; padding: 0px; border: 0px; font-style: inherit; font-variant: inherit; font-weight: inherit; font-stretch: inherit; font-size: inherit; line-height: inherit; font-family: inherit; vertical-align: baseline; display: table-cell; width: 17px;"><span class="list-circle" style="box-sizing: border-box; -webkit-font-smoothing: subpixel-antialiased; margin: 0px 8px 0px 3px; padding: 0px; border: 0px; font-style: inherit; font-variant: inherit; font-weight: inherit; font-stretch: inherit; font-size: inherit; line-height: inherit; font-family: inherit; vertical-align: 2px; width: 6px; height: 6px; background-color: rgb(204, 204, 204); border-radius: 50%; display: inline-block;"></span></span><span class="h-content" style="box-sizing: border-box; -webkit-font-smoothing: subpixel-antialiased; margin: 0px; padding: 0px; border: 0px; font-style: inherit; font-variant: inherit; font-weight: inherit; font-stretch: inherit; font-size: inherit; line-height: inherit; font-family: inherit; vertical-align: baseline; display: table-cell;">Battery Type:Li-Ion</span></li><li class="col-xs-8 dtls-li" style="box-sizing: border-box; -webkit-font-smoothing: subpixel-antialiased; margin: 0px; padding: 0px 15px; border: 0px; font-style: inherit; font-variant: inherit; font-weight: inherit; font-stretch: inherit; font-size: 13px; line-height: 22px; font-family: inherit; vertical-align: baseline; position: relative; min-height: 1px; float: left; width: 297px; white-space: initial; overflow: initial; text-overflow: initial; color: rgb(102, 102, 102); display: table;"><span class="list-cicrle-cont" style="box-sizing: border-box; -webkit-font-smoothing: subpixel-antialiased; margin: 0px; padding: 0px; border: 0px; font-style: inherit; font-variant: inherit; font-weight: inherit; font-stretch: inherit; font-size: inherit; line-height: inherit; font-family: inherit; vertical-align: baseline; display: table-cell; width: 17px;"><span class="list-circle" style="box-sizing: border-box; -webkit-font-smoothing: subpixel-antialiased; margin: 0px 8px 0px 3px; padding: 0px; border: 0px; font-style: inherit; font-variant: inherit; font-weight: inherit; font-stretch: inherit; font-size: inherit; line-height: inherit; font-family: inherit; vertical-align: 2px; width: 6px; height: 6px; background-color: rgb(204, 204, 204); border-radius: 50%; display: inline-block;"></span></span><span class="h-content" style="box-sizing: border-box; -webkit-font-smoothing: subpixel-antialiased; margin: 0px; padding: 0px; border: 0px; font-style: inherit; font-variant: inherit; font-weight: inherit; font-stretch: inherit; font-size: inherit; line-height: inherit; font-family: inherit; vertical-align: baseline; display: table-cell;">mAh ( Capacity):10000</span></li><li class="col-xs-8 dtls-li" style="box-sizing: border-box; -webkit-font-smoothing: subpixel-antialiased; margin: 0px; padding: 0px 15px; border: 0px; font-style: inherit; font-variant: inherit; font-weight: inherit; font-stretch: inherit; font-size: 13px; line-height: 22px; font-family: inherit; vertical-align: baseline; position: relative; min-height: 1px; float: left; width: 297px; white-space: initial; overflow: initial; text-overflow: initial; color: rgb(102, 102, 102); display: table;"><span class="list-cicrle-cont" style="box-sizing: border-box; -webkit-font-smoothing: subpixel-antialiased; margin: 0px; padding: 0px; border: 0px; font-style: inherit; font-variant: inherit; font-weight: inherit; font-stretch: inherit; font-size: inherit; line-height: inherit; font-family: inherit; vertical-align: baseline; display: table-cell; width: 17px;"><span class="list-circle" style="box-sizing: border-box; -webkit-font-smoothing: subpixel-antialiased; margin: 0px 8px 0px 3px; padding: 0px; border: 0px; font-style: inherit; font-variant: inherit; font-weight: inherit; font-stretch: inherit; font-size: inherit; line-height: inherit; font-family: inherit; vertical-align: 2px; width: 6px; height: 6px; background-color: rgb(204, 204, 204); border-radius: 50%; display: inline-block;"></span></span><span class="h-content" style="box-sizing: border-box; -webkit-font-smoothing: subpixel-antialiased; margin: 0px; padding: 0px; border: 0px; font-style: inherit; font-variant: inherit; font-weight: inherit; font-stretch: inherit; font-size: inherit; line-height: inherit; font-family: inherit; vertical-align: baseline; display: table-cell;">No of Output Ports:1</span></li><li class="col-xs-8 dtls-li" style="box-sizing: border-box; -webkit-font-smoothing: subpixel-antialiased; margin: 0px; padding: 0px 15px; border: 0px; font-style: inherit; font-variant: inherit; font-weight: inherit; font-stretch: inherit; font-size: 13px; line-height: 22px; font-family: inherit; vertical-align: baseline; position: relative; min-height: 1px; float: left; width: 297px; white-space: initial; overflow: initial; text-overflow: initial; color: rgb(102, 102, 102); display: table;"><span class="list-cicrle-cont" style="box-sizing: border-box; -webkit-font-smoothing: subpixel-antialiased; margin: 0px; padding: 0px; border: 0px; font-style: inherit; font-variant: inherit; font-weight: inherit; font-stretch: inherit; font-size: inherit; line-height: inherit; font-family: inherit; vertical-align: baseline; display: table-cell; width: 17px;"><span class="list-circle" style="box-sizing: border-box; -webkit-font-smoothing: subpixel-antialiased; margin: 0px 8px 0px 3px; padding: 0px; border: 0px; font-style: inherit; font-variant: inherit; font-weight: inherit; font-stretch: inherit; font-size: inherit; line-height: inherit; font-family: inherit; vertical-align: 2px; width: 6px; height: 6px; background-color: rgb(204, 204, 204); border-radius: 50%; display: inline-block;"></span></span><span class="h-content" style="box-sizing: border-box; -webkit-font-smoothing: subpixel-antialiased; margin: 0px; padding: 0px; border: 0px; font-style: inherit; font-variant: inherit; font-weight: inherit; font-stretch: inherit; font-size: inherit; line-height: inherit; font-family: inherit; vertical-align: baseline; display: table-cell;">Output Power:5V/2A</span></li><li class="col-xs-8 dtls-li" style="box-sizing: border-box; -webkit-font-smoothing: subpixel-antialiased; margin: 0px; padding: 0px 15px; border: 0px; font-style: inherit; font-variant: inherit; font-weight: inherit; font-stretch: inherit; font-size: 13px; line-height: 22px; font-family: inherit; vertical-align: baseline; position: relative; min-height: 1px; float: left; width: 297px; white-space: initial; overflow: initial; text-overflow: initial; color: rgb(102, 102, 102); display: table;"><span class="list-cicrle-cont" style="box-sizing: border-box; -webkit-font-smoothing: subpixel-antialiased; margin: 0px; padding: 0px; border: 0px; font-style: inherit; font-variant: inherit; font-weight: inherit; font-stretch: inherit; font-size: inherit; line-height: inherit; font-family: inherit; vertical-align: baseline; display: table-cell; width: 17px;"><span class="list-circle" style="box-sizing: border-box; -webkit-font-smoothing: subpixel-antialiased; margin: 0px 8px 0px 3px; padding: 0px; border: 0px; font-style: inherit; font-variant: inherit; font-weight: inherit; font-stretch: inherit; font-size: inherit; line-height: inherit; font-family: inherit; vertical-align: 2px; width: 6px; height: 6px; background-color: rgb(204, 204, 204); border-radius: 50%; display: inline-block;"></span></span><span class="h-content" style="box-sizing: border-box; -webkit-font-smoothing: subpixel-antialiased; margin: 0px; padding: 0px; border: 0px; font-style: inherit; font-variant: inherit; font-weight: inherit; font-stretch: inherit; font-size: inherit; line-height: inherit; font-family: inherit; vertical-align: baseline; display: table-cell;">Warranty:6 Months</span></li><li class="col-xs-8 dtls-li" style="box-sizing: border-box; -webkit-font-smoothing: subpixel-antialiased; margin: 0px; padding: 0px 15px; border: 0px; font-style: inherit; font-variant: inherit; font-weight: inherit; font-stretch: inherit; font-size: 13px; line-height: 22px; font-family: inherit; vertical-align: baseline; position: relative; min-height: 1px; float: left; width: 297px; white-space: initial; overflow: initial; text-overflow: initial; color: rgb(102, 102, 102); display: table;"><span class="list-cicrle-cont" style="box-sizing: border-box; -webkit-font-smoothing: subpixel-antialiased; margin: 0px; padding: 0px; border: 0px; font-style: inherit; font-variant: inherit; font-weight: inherit; font-stretch: inherit; font-size: inherit; line-height: inherit; font-family: inherit; vertical-align: baseline; display: table-cell; width: 17px;"><span class="list-circle" style="box-sizing: border-box; -webkit-font-smoothing: subpixel-antialiased; margin: 0px 8px 0px 3px; padding: 0px; border: 0px; font-style: inherit; font-variant: inherit; font-weight: inherit; font-stretch: inherit; font-size: inherit; line-height: inherit; font-family: inherit; vertical-align: 2px; width: 6px; height: 6px; background-color: rgb(204, 204, 204); border-radius: 50%; display: inline-block;"></span></span><span class="h-content" style="box-sizing: border-box; -webkit-font-smoothing: subpixel-antialiased; margin: 0px; padding: 0px; border: 0px; font-style: inherit; font-variant: inherit; font-weight: inherit; font-stretch: inherit; font-size: inherit; line-height: inherit; font-family: inherit; vertical-align: baseline; display: table-cell;">The perfect carry-on for flights</span></li><li class="col-xs-8 dtls-li" style="box-sizing: border-box; -webkit-font-smoothing: subpixel-antialiased; margin: 0px; padding: 0px 15px; border: 0px; font-style: inherit; font-variant: inherit; font-weight: inherit; font-stretch: inherit; font-size: 13px; line-height: 22px; font-family: inherit; vertical-align: baseline; position: relative; min-height: 1px; float: left; width: 297px; white-space: initial; overflow: initial; text-overflow: initial; color: rgb(102, 102, 102); display: table;"><span class="list-cicrle-cont" style="box-sizing: border-box; -webkit-font-smoothing: subpixel-antialiased; margin: 0px; padding: 0px; border: 0px; font-style: inherit; font-variant: inherit; font-weight: inherit; font-stretch: inherit; font-size: inherit; line-height: inherit; font-family: inherit; vertical-align: baseline; display: table-cell; width: 17px;"><span class="list-circle" style="box-sizing: border-box; -webkit-font-smoothing: subpixel-antialiased; margin: 0px 8px 0px 3px; padding: 0px; border: 0px; font-style: inherit; font-variant: inherit; font-weight: inherit; font-stretch: inherit; font-size: inherit; line-height: inherit; font-family: inherit; vertical-align: 2px; width: 6px; height: 6px; background-color: rgb(204, 204, 204); border-radius: 50%; display: inline-block;"></span></span><span class="h-content" style="box-sizing: border-box; -webkit-font-smoothing: subpixel-antialiased; margin: 0px; padding: 0px; border: 0px; font-style: inherit; font-variant: inherit; font-weight: inherit; font-stretch: inherit; font-size: inherit; line-height: inherit; font-family: inherit; vertical-align: baseline; display: table-cell;">Charge in fast lane</span></li><li class="col-xs-8 dtls-li" style="box-sizing: border-box; -webkit-font-smoothing: subpixel-antialiased; margin: 0px; padding: 0px 15px; border: 0px; font-style: inherit; font-variant: inherit; font-weight: inherit; font-stretch: inherit; font-size: 13px; line-height: 22px; font-family: inherit; vertical-align: baseline; position: relative; min-height: 1px; float: left; width: 297px; white-space: initial; overflow: initial; text-overflow: initial; color: rgb(102, 102, 102); display: table;"><span class="list-cicrle-cont" style="box-sizing: border-box; -webkit-font-smoothing: subpixel-antialiased; margin: 0px; padding: 0px; border: 0px; font-style: inherit; font-variant: inherit; font-weight: inherit; font-stretch: inherit; font-size: inherit; line-height: inherit; font-family: inherit; vertical-align: baseline; display: table-cell; width: 17px;"><span class="list-circle" style="box-sizing: border-box; -webkit-font-smoothing: subpixel-antialiased; margin: 0px 8px 0px 3px; padding: 0px; border: 0px; font-style: inherit; font-variant: inherit; font-weight: inherit; font-stretch: inherit; font-size: inherit; line-height: inherit; font-family: inherit; vertical-align: 2px; width: 6px; height: 6px; background-color: rgb(204, 204, 204); border-radius: 50%; display: inline-block;"></span></span><span class="h-content" style="box-sizing: border-box; -webkit-font-smoothing: subpixel-antialiased; margin: 0px; padding: 0px; border: 0px; font-style: inherit; font-variant: inherit; font-weight: inherit; font-stretch: inherit; font-size: inherit; line-height: inherit; font-family: inherit; vertical-align: baseline; display: table-cell;">5.1V/3.6A Dual USB Output</span></li><li class="col-xs-8 dtls-li" id="highlightSupc" style="box-sizing: border-box; -webkit-font-smoothing: subpixel-antialiased; margin: 0px; padding: 0px 15px; border: 0px; font-style: inherit; font-variant: inherit; font-weight: inherit; font-stretch: inherit; font-size: 13px; line-height: 22px; font-family: inherit; vertical-align: baseline; position: relative; min-height: 1px; float: left; width: 297px; white-space: initial; overflow: initial; text-overflow: initial; color: rgb(102, 102, 102); display: table;"><span class="list-cicrle-cont" style="box-sizing: border-box; -webkit-font-smoothing: subpixel-antialiased; margin: 0px; padding: 0px; border: 0px; font-style: inherit; font-variant: inherit; font-weight: inherit; font-stretch: inherit; font-size: inherit; line-height: inherit; font-family: inherit; vertical-align: baseline; display: table-cell; width: 17px;"><span class="list-circle" style="box-sizing: border-box; -webkit-font-smoothing: subpixel-antialiased; margin: 0px 8px 0px 3px; padding: 0px; border: 0px; font-style: inherit; font-variant: inherit; font-weight: inherit; font-stretch: inherit; font-size: inherit; line-height: inherit; font-family: inherit; vertical-align: 2px; width: 6px; height: 6px; background-color: rgb(204, 204, 204); border-radius: 50%; display: inline-block;"></span></span><span class="h-content" style="box-sizing: border-box; -webkit-font-smoothing: subpixel-antialiased; margin: 0px; padding: 0px; border: 0px; font-style: inherit; font-variant: inherit; font-weight: inherit; font-stretch: inherit; font-size: inherit; line-height: inherit; font-family: inherit; vertical-align: baseline; display: table-cell;">SUPC: SDL368008873</span></li></ul></div>', 'POWER.jpg', 'POWER1.jpg', 'POWER2.jpg', 49, 'In Stock', '2017-05-02 20:07:57', ''),
(64, 4, 5, 'Intex fitrist pulzz Smart Bands Black', 'Smart Bands Black', 1249, 1699, '<table width="100%" border="0" cellspacing="2" cellpadding="0" class="product-spec" style="box-sizing: border-box; -webkit-font-smoothing: subpixel-antialiased; margin: 0px 0px 10px; padding: 0px; border: 0px; font-variant-numeric: inherit; font-stretch: inherit; line-height: inherit; font-family: font-regular; vertical-align: baseline; color: rgb(178, 178, 178); background-color: rgb(255, 255, 255);"><tbody style="box-sizing: border-box; -webkit-font-smoothing: subpixel-antialiased; margin: 0px; padding: 0px; border: 0px; font-style: inherit; font-variant: inherit; font-weight: inherit; font-stretch: inherit; font-size: inherit; line-height: inherit; font-family: inherit; vertical-align: baseline;"><tr style="box-sizing: border-box; -webkit-font-smoothing: subpixel-antialiased; margin: 0px; padding: 0px; border: 0px; font-style: inherit; font-variant: inherit; font-weight: inherit; font-stretch: inherit; font-size: inherit; line-height: inherit; font-family: inherit; vertical-align: baseline;"><td width="20%" style="box-sizing: border-box; -webkit-font-smoothing: subpixel-antialiased; padding: 2px 0px 0px; margin: 0px; border: 0px; font-style: inherit; font-variant: inherit; font-weight: inherit; font-stretch: inherit; line-height: 22px; font-family: inherit; vertical-align: baseline; width: 227px;">Brand</td><td style="box-sizing: border-box; -webkit-font-smoothing: subpixel-antialiased; padding: 2px 0px 0px; margin: 0px; border: 0px; font-style: inherit; font-variant: inherit; font-weight: inherit; font-stretch: inherit; line-height: 22px; font-family: inherit; vertical-align: baseline; color: rgb(0, 0, 0);">Intex</td></tr><tr style="box-sizing: border-box; -webkit-font-smoothing: subpixel-antialiased; margin: 0px; padding: 0px; border: 0px; font-style: inherit; font-variant: inherit; font-weight: inherit; font-stretch: inherit; font-size: inherit; line-height: inherit; font-family: inherit; vertical-align: baseline;"><td width="20%" style="box-sizing: border-box; -webkit-font-smoothing: subpixel-antialiased; padding: 2px 0px 0px; margin: 0px; border: 0px; font-style: inherit; font-variant: inherit; font-weight: inherit; font-stretch: inherit; line-height: 22px; font-family: inherit; vertical-align: baseline; width: 227px;">Model Name</td><td style="box-sizing: border-box; -webkit-font-smoothing: subpixel-antialiased; padding: 2px 0px 0px; margin: 0px; border: 0px; font-style: inherit; font-variant: inherit; font-weight: inherit; font-stretch: inherit; line-height: 22px; font-family: inherit; vertical-align: baseline; color: rgb(0, 0, 0);">FitRist Pulzz</td></tr><tr style="box-sizing: border-box; -webkit-font-smoothing: subpixel-antialiased; margin: 0px; padding: 0px; border: 0px; font-style: inherit; font-variant: inherit; font-weight: inherit; font-stretch: inherit; font-size: inherit; line-height: inherit; font-family: inherit; vertical-align: baseline;"><td width="20%" style="box-sizing: border-box; -webkit-font-smoothing: subpixel-antialiased; padding: 2px 0px 0px; margin: 0px; border: 0px; font-style: inherit; font-variant: inherit; font-weight: inherit; font-stretch: inherit; line-height: 22px; font-family: inherit; vertical-align: baseline; width: 227px;">Type</td><td style="box-sizing: border-box; -webkit-font-smoothing: subpixel-antialiased; padding: 2px 0px 0px; margin: 0px; border: 0px; font-style: inherit; font-variant: inherit; font-weight: inherit; font-stretch: inherit; line-height: 22px; font-family: inherit; vertical-align: baseline; color: rgb(0, 0, 0);">Smart Bands</td></tr><tr style="box-sizing: border-box; -webkit-font-smoothing: subpixel-antialiased; margin: 0px; padding: 0px; border: 0px; font-style: inherit; font-variant: inherit; font-weight: inherit; font-stretch: inherit; font-size: inherit; line-height: inherit; font-family: inherit; vertical-align: baseline;"><td width="20%" style="box-sizing: border-box; -webkit-font-smoothing: subpixel-antialiased; padding: 2px 0px 0px; margin: 0px; border: 0px; font-style: inherit; font-variant: inherit; font-weight: inherit; font-stretch: inherit; line-height: 22px; font-family: inherit; vertical-align: baseline; width: 227px;">Music Controls</td><td style="box-sizing: border-box; -webkit-font-smoothing: subpixel-antialiased; padding: 2px 0px 0px; margin: 0px; border: 0px; font-style: inherit; font-variant: inherit; font-weight: inherit; font-stretch: inherit; line-height: 22px; font-family: inherit; vertical-align: baseline; color: rgb(0, 0, 0);">Yes</td></tr><tr style="box-sizing: border-box; -webkit-font-smoothing: subpixel-antialiased; margin: 0px; padding: 0px; border: 0px; font-style: inherit; font-variant: inherit; font-weight: inherit; font-stretch: inherit; font-size: inherit; line-height: inherit; font-family: inherit; vertical-align: baseline;"><td width="20%" style="box-sizing: border-box; -webkit-font-smoothing: subpixel-antialiased; padding: 2px 0px 0px; margin: 0px; border: 0px; font-style: inherit; font-variant: inherit; font-weight: inherit; font-stretch: inherit; line-height: 22px; font-family: inherit; vertical-align: baseline; width: 227px;">Color</td><td style="box-sizing: border-box; -webkit-font-smoothing: subpixel-antialiased; padding: 2px 0px 0px; margin: 0px; border: 0px; font-style: inherit; font-variant: inherit; font-weight: inherit; font-stretch: inherit; line-height: 22px; font-family: inherit; vertical-align: baseline; color: rgb(0, 0, 0);">Black</td></tr><tr style="box-sizing: border-box; -webkit-font-smoothing: subpixel-antialiased; margin: 0px; padding: 0px; border: 0px; font-style: inherit; font-variant: inherit; font-weight: inherit; font-stretch: inherit; font-size: inherit; line-height: inherit; font-family: inherit; vertical-align: baseline;"><td width="20%" style="box-sizing: border-box; -webkit-font-smoothing: subpixel-antialiased; padding: 2px 0px 0px; margin: 0px; border: 0px; font-style: inherit; font-variant: inherit; font-weight: inherit; font-stretch: inherit; line-height: 22px; font-family: inherit; vertical-align: baseline; width: 227px;">Dial Shape</td><td style="box-sizing: border-box; -webkit-font-smoothing: subpixel-antialiased; padding: 2px 0px 0px; margin: 0px; border: 0px; font-style: inherit; font-variant: inherit; font-weight: inherit; font-stretch: inherit; line-height: 22px; font-family: inherit; vertical-align: baseline; color: rgb(0, 0, 0);">Rectangle</td></tr><tr style="box-sizing: border-box; -webkit-font-smoothing: subpixel-antialiased; margin: 0px; padding: 0px; border: 0px; font-style: inherit; font-variant: inherit; font-weight: inherit; font-stretch: inherit; font-size: inherit; line-height: inherit; font-family: inherit; vertical-align: baseline;"><td width="20%" style="box-sizing: border-box; -webkit-font-smoothing: subpixel-antialiased; padding: 2px 0px 0px; margin: 0px; border: 0px; font-style: inherit; font-variant: inherit; font-weight: inherit; font-stretch: inherit; line-height: 22px; font-family: inherit; vertical-align: baseline; width: 227px;">Compatible OS</td><td style="box-sizing: border-box; -webkit-font-smoothing: subpixel-antialiased; padding: 2px 0px 0px; margin: 0px; border: 0px; font-style: inherit; font-variant: inherit; font-weight: inherit; font-stretch: inherit; line-height: 22px; font-family: inherit; vertical-align: baseline; color: rgb(0, 0, 0);">Android 4.4 Above and ios 7 above</td></tr><tr style="box-sizing: border-box; -webkit-font-smoothing: subpixel-antialiased; margin: 0px; padding: 0px; border: 0px; font-style: inherit; font-variant: inherit; font-weight: inherit; font-stretch: inherit; font-size: inherit; line-height: inherit; font-family: inherit; vertical-align: baseline;"><td width="20%" style="box-sizing: border-box; -webkit-font-smoothing: subpixel-antialiased; padding: 2px 0px 0px; margin: 0px; border: 0px; font-style: inherit; font-variant: inherit; font-weight: inherit; font-stretch: inherit; line-height: 22px; font-family: inherit; vertical-align: baseline; width: 227px;">USB Support</td><td style="box-sizing: border-box; -webkit-font-smoothing: subpixel-antialiased; padding: 2px 0px 0px; margin: 0px; border: 0px; font-style: inherit; font-variant: inherit; font-weight: inherit; font-stretch: inherit; line-height: 22px; font-family: inherit; vertical-align: baseline; color: rgb(0, 0, 0);">Yes</td></tr><tr style="box-sizing: border-box; -webkit-font-smoothing: subpixel-antialiased; margin: 0px; padding: 0px; border: 0px; font-style: inherit; font-variant: inherit; font-weight: inherit; font-stretch: inherit; font-size: inherit; line-height: inherit; font-family: inherit; vertical-align: baseline;"><td width="20%" style="box-sizing: border-box; -webkit-font-smoothing: subpixel-antialiased; padding: 2px 0px 0px; margin: 0px; border: 0px; font-style: inherit; font-variant: inherit; font-weight: inherit; font-stretch: inherit; line-height: 22px; font-family: inherit; vertical-align: baseline; width: 227px;">Warranty<br><table width="100%" border="0" cellspacing="2" cellpadding="0" class="product-spec" style="box-sizing: border-box; -webkit-font-smoothing: subpixel-antialiased; margin: 0px 0px 10px; padding: 0px; border: 0px; font-variant-numeric: inherit; font-stretch: inherit; line-height: inherit; vertical-align: baseline; background-color: rgb(255, 255, 255);"><tbody style="box-sizing: border-box; -webkit-font-smoothing: subpixel-antialiased; margin: 0px; padding: 0px; border: 0px; font-style: inherit; font-variant: inherit; font-weight: inherit; font-stretch: inherit; font-size: inherit; line-height: inherit; font-family: inherit; vertical-align: baseline;"><tr style="box-sizing: border-box; -webkit-font-smoothing: subpixel-antialiased; margin: 0px; padding: 0px; border: 0px; font-style: inherit; font-variant: inherit; font-weight: inherit; font-stretch: inherit; font-size: inherit; line-height: inherit; font-family: inherit; vertical-align: baseline;"><td width="20%" style="box-sizing: border-box; -webkit-font-smoothing: subpixel-antialiased; padding: 2px 0px 0px; margin: 0px; border: 0px; font-style: inherit; font-variant: inherit; font-weight: inherit; font-stretch: inherit; line-height: 22px; font-family: inherit; vertical-align: baseline; width: 227px;">Rechargeable Battery &nbsp; &nbsp;&nbsp;</td><td style="box-sizing: border-box; -webkit-font-smoothing: subpixel-antialiased; padding: 2px 0px 0px; margin: 0px; border: 0px; font-style: inherit; font-variant: inherit; font-weight: inherit; font-stretch: inherit; line-height: 22px; font-family: inherit; vertical-align: baseline; color: rgb(0, 0, 0);">&nbsp; &nbsp;Yes</td></tr><tr style="box-sizing: border-box; -webkit-font-smoothing: subpixel-antialiased; margin: 0px; padding: 0px; border: 0px; font-style: inherit; font-variant: inherit; font-weight: inherit; font-stretch: inherit; font-size: inherit; line-height: inherit; font-family: inherit; vertical-align: baseline;"><td width="20%" style="box-sizing: border-box; -webkit-font-smoothing: subpixel-antialiased; padding: 2px 0px 0px; margin: 0px; border: 0px; font-style: inherit; font-variant: inherit; font-weight: inherit; font-stretch: inherit; line-height: 22px; font-family: inherit; vertical-align: baseline; width: 227px;">Charger Type</td><td style="box-sizing: border-box; -webkit-font-smoothing: subpixel-antialiased; padding: 2px 0px 0px; margin: 0px; border: 0px; font-style: inherit; font-variant: inherit; font-weight: inherit; font-stretch: inherit; line-height: 22px; font-family: inherit; vertical-align: baseline; color: rgb(0, 0, 0);">USB</td></tr><tr style="box-sizing: border-box; -webkit-font-smoothing: subpixel-antialiased; margin: 0px; padding: 0px; border: 0px; font-style: inherit; font-variant: inherit; font-weight: inherit; font-stretch: inherit; font-size: inherit; line-height: inherit; font-family: inherit; vertical-align: baseline;"><td width="20%" style="box-sizing: border-box; -webkit-font-smoothing: subpixel-antialiased; padding: 2px 0px 0px; margin: 0px; border: 0px; font-style: inherit; font-variant: inherit; font-weight: inherit; font-stretch: inherit; line-height: 22px; font-family: inherit; vertical-align: baseline; width: 227px;">Charge Time</td><td style="box-sizing: border-box; -webkit-font-smoothing: subpixel-antialiased; padding: 2px 0px 0px; margin: 0px; border: 0px; font-style: inherit; font-variant: inherit; font-weight: inherit; font-stretch: inherit; line-height: 22px; font-family: inherit; vertical-align: baseline; color: rgb(0, 0, 0);">Up to 2 hours</td></tr></tbody></table></td><td style="box-sizing: border-box; -webkit-font-smoothing: subpixel-antialiased; padding: 2px 0px 0px; margin: 0px; border: 0px; font-style: inherit; font-variant: inherit; font-weight: inherit; font-stretch: inherit; line-height: 22px; font-family: inherit; vertical-align: baseline; color: rgb(0, 0, 0);">6 Months<br><br></td></tr></tbody></table>', 'Intex-Smart-Bands-With-Call-SDL506220093-1-74aa7.jpg', 'Intex-Smart-Bands-With-Call-SDL506220093-2-0c448.jpg', '', 49, 'In Stock', '2017-05-02 20:10:45', '');
INSERT INTO `products` (`id`, `category`, `subCategory`, `productName`, `productCompany`, `productPrice`, `productPriceBeforeDiscount`, `productDescription`, `productImage1`, `productImage2`, `productImage3`, `shippingCharge`, `productAvailability`, `postingDate`, `updationDate`) VALUES
(65, 4, 5, 'Sony Mono Bluetooth Headset-Black', 'SONY', 1450, 1490, '<table width="100%" border="0" cellspacing="0" cellpadding="0" style="box-sizing: border-box; -webkit-font-smoothing: subpixel-antialiased; margin: 0px 0px 10px; padding: 0px; border: 0px; font-variant-numeric: inherit; font-stretch: inherit; font-size: 14px; line-height: inherit; font-family: font-regular; vertical-align: baseline; color: rgb(0, 0, 0); background-color: rgb(255, 255, 255);"><tbody style="box-sizing: border-box; -webkit-font-smoothing: subpixel-antialiased; margin: 0px; padding: 0px; border: 0px; font-style: inherit; font-variant: inherit; font-weight: inherit; font-stretch: inherit; font-size: inherit; line-height: inherit; font-family: inherit; vertical-align: baseline;"><tr style="box-sizing: border-box; -webkit-font-smoothing: subpixel-antialiased; margin: 0px; padding: 0px; border: 0px; font-style: inherit; font-variant: inherit; font-weight: inherit; font-stretch: inherit; font-size: inherit; line-height: inherit; font-family: inherit; vertical-align: baseline;"><td style="box-sizing: border-box; -webkit-font-smoothing: subpixel-antialiased; padding: 2px 0px 0px; margin: 0px; border: 0px; font-style: inherit; font-variant: inherit; font-weight: inherit; font-stretch: inherit; font-size: 13px; line-height: 22px; font-family: inherit; vertical-align: baseline; color: rgb(178, 178, 178); width: 874px;"><table width="100%" border="0" cellspacing="2" cellpadding="0" class="product-spec" style="box-sizing: border-box; -webkit-font-smoothing: subpixel-antialiased; margin: 0px 0px 10px; padding: 0px; border: 0px; font-style: inherit; font-variant: inherit; font-weight: inherit; font-stretch: inherit; font-size: inherit; line-height: inherit; font-family: inherit; vertical-align: baseline;"><tbody style="box-sizing: border-box; -webkit-font-smoothing: subpixel-antialiased; margin: 0px; padding: 0px; border: 0px; font-style: inherit; font-variant: inherit; font-weight: inherit; font-stretch: inherit; font-size: inherit; line-height: inherit; font-family: inherit; vertical-align: baseline;"><tr style="box-sizing: border-box; -webkit-font-smoothing: subpixel-antialiased; margin: 0px; padding: 0px; border: 0px; font-style: inherit; font-variant: inherit; font-weight: inherit; font-stretch: inherit; font-size: inherit; line-height: inherit; font-family: inherit; vertical-align: baseline;"><th colspan="2" style="box-sizing: border-box; -webkit-font-smoothing: subpixel-antialiased; padding: 18px 0px 9px; margin: 0px; border: 0px; font-style: inherit; font-variant: inherit; font-weight: inherit; font-stretch: inherit; font-size: 16px; line-height: 48px; font-family: inherit; vertical-align: baseline; text-transform: capitalize; color: rgb(33, 33, 33); text-align: left;">General</th></tr><tr style="box-sizing: border-box; -webkit-font-smoothing: subpixel-antialiased; margin: 0px; padding: 0px; border: 0px; font-style: inherit; font-variant: inherit; font-weight: inherit; font-stretch: inherit; font-size: inherit; line-height: inherit; font-family: inherit; vertical-align: baseline;"><td width="20%" style="box-sizing: border-box; -webkit-font-smoothing: subpixel-antialiased; padding: 2px 0px 0px; margin: 0px; border: 0px; font-style: inherit; font-variant: inherit; font-weight: inherit; font-stretch: inherit; line-height: 22px; font-family: inherit; vertical-align: baseline; width: 227px;">Brand</td><td style="box-sizing: border-box; -webkit-font-smoothing: subpixel-antialiased; padding: 2px 0px 0px; margin: 0px; border: 0px; font-style: inherit; font-variant: inherit; font-weight: inherit; font-stretch: inherit; line-height: 22px; font-family: inherit; vertical-align: baseline; color: rgb(0, 0, 0);">Sony</td></tr><tr style="box-sizing: border-box; -webkit-font-smoothing: subpixel-antialiased; margin: 0px; padding: 0px; border: 0px; font-style: inherit; font-variant: inherit; font-weight: inherit; font-stretch: inherit; font-size: inherit; line-height: inherit; font-family: inherit; vertical-align: baseline;"><td width="20%" style="box-sizing: border-box; -webkit-font-smoothing: subpixel-antialiased; padding: 2px 0px 0px; margin: 0px; border: 0px; font-style: inherit; font-variant: inherit; font-weight: inherit; font-stretch: inherit; line-height: 22px; font-family: inherit; vertical-align: baseline; width: 227px;">Model</td><td style="box-sizing: border-box; -webkit-font-smoothing: subpixel-antialiased; padding: 2px 0px 0px; margin: 0px; border: 0px; font-style: inherit; font-variant: inherit; font-weight: inherit; font-stretch: inherit; line-height: 22px; font-family: inherit; vertical-align: baseline; color: rgb(0, 0, 0);">MBH20</td></tr><tr style="box-sizing: border-box; -webkit-font-smoothing: subpixel-antialiased; margin: 0px; padding: 0px; border: 0px; font-style: inherit; font-variant: inherit; font-weight: inherit; font-stretch: inherit; font-size: inherit; line-height: inherit; font-family: inherit; vertical-align: baseline;"><td width="20%" style="box-sizing: border-box; -webkit-font-smoothing: subpixel-antialiased; padding: 2px 0px 0px; margin: 0px; border: 0px; font-style: inherit; font-variant: inherit; font-weight: inherit; font-stretch: inherit; line-height: 22px; font-family: inherit; vertical-align: baseline; width: 227px;">Wired/Wireless</td><td style="box-sizing: border-box; -webkit-font-smoothing: subpixel-antialiased; padding: 2px 0px 0px; margin: 0px; border: 0px; font-style: inherit; font-variant: inherit; font-weight: inherit; font-stretch: inherit; line-height: 22px; font-family: inherit; vertical-align: baseline; color: rgb(0, 0, 0);">Wireless</td></tr><tr style="box-sizing: border-box; -webkit-font-smoothing: subpixel-antialiased; margin: 0px; padding: 0px; border: 0px; font-style: inherit; font-variant: inherit; font-weight: inherit; font-stretch: inherit; font-size: inherit; line-height: inherit; font-family: inherit; vertical-align: baseline;"><td width="20%" style="box-sizing: border-box; -webkit-font-smoothing: subpixel-antialiased; padding: 2px 0px 0px; margin: 0px; border: 0px; font-style: inherit; font-variant: inherit; font-weight: inherit; font-stretch: inherit; line-height: 22px; font-family: inherit; vertical-align: baseline; width: 227px;">Color</td><td style="box-sizing: border-box; -webkit-font-smoothing: subpixel-antialiased; padding: 2px 0px 0px; margin: 0px; border: 0px; font-style: inherit; font-variant: inherit; font-weight: inherit; font-stretch: inherit; line-height: 22px; font-family: inherit; vertical-align: baseline; color: rgb(0, 0, 0);">Black</td></tr></tbody></table></td></tr><tr style="box-sizing: border-box; -webkit-font-smoothing: subpixel-antialiased; margin: 0px; padding: 0px; border: 0px; font-style: inherit; font-variant: inherit; font-weight: inherit; font-stretch: inherit; font-size: inherit; line-height: inherit; font-family: inherit; vertical-align: baseline;"><td style="box-sizing: border-box; -webkit-font-smoothing: subpixel-antialiased; padding: 2px 0px 0px; margin: 0px; border: 0px; font-style: inherit; font-variant: inherit; font-weight: inherit; font-stretch: inherit; font-size: 13px; line-height: 22px; font-family: inherit; vertical-align: baseline; color: rgb(178, 178, 178); width: 874px;"><table width="100%" border="0" cellspacing="2" cellpadding="0" class="product-spec" style="box-sizing: border-box; -webkit-font-smoothing: subpixel-antialiased; margin: 0px 0px 10px; padding: 0px; border: 0px; font-style: inherit; font-variant: inherit; font-weight: inherit; font-stretch: inherit; font-size: inherit; line-height: inherit; font-family: inherit; vertical-align: baseline;"><tbody style="box-sizing: border-box; -webkit-font-smoothing: subpixel-antialiased; margin: 0px; padding: 0px; border: 0px; font-style: inherit; font-variant: inherit; font-weight: inherit; font-stretch: inherit; font-size: inherit; line-height: inherit; font-family: inherit; vertical-align: baseline;"><tr style="box-sizing: border-box; -webkit-font-smoothing: subpixel-antialiased; margin: 0px; padding: 0px; border: 0px; font-style: inherit; font-variant: inherit; font-weight: inherit; font-stretch: inherit; font-size: inherit; line-height: inherit; font-family: inherit; vertical-align: baseline;"><th colspan="2" style="box-sizing: border-box; -webkit-font-smoothing: subpixel-antialiased; padding: 18px 0px 9px; margin: 0px; border: 0px; font-style: inherit; font-variant: inherit; font-weight: inherit; font-stretch: inherit; font-size: 16px; line-height: 48px; font-family: inherit; vertical-align: baseline; text-transform: capitalize; color: rgb(33, 33, 33); text-align: left;">Bluetooth</th></tr><tr style="box-sizing: border-box; -webkit-font-smoothing: subpixel-antialiased; margin: 0px; padding: 0px; border: 0px; font-style: inherit; font-variant: inherit; font-weight: inherit; font-stretch: inherit; font-size: inherit; line-height: inherit; font-family: inherit; vertical-align: baseline;"><td width="20%" style="box-sizing: border-box; -webkit-font-smoothing: subpixel-antialiased; padding: 2px 0px 0px; margin: 0px; border: 0px; font-style: inherit; font-variant: inherit; font-weight: inherit; font-stretch: inherit; line-height: 22px; font-family: inherit; vertical-align: baseline; width: 227px;">Bluetooth Version</td><td style="box-sizing: border-box; -webkit-font-smoothing: subpixel-antialiased; padding: 2px 0px 0px; margin: 0px; border: 0px; font-style: inherit; font-variant: inherit; font-weight: inherit; font-stretch: inherit; line-height: 22px; font-family: inherit; vertical-align: baseline; color: rgb(0, 0, 0);">Bluetooth 3.0</td></tr><tr style="box-sizing: border-box; -webkit-font-smoothing: subpixel-antialiased; margin: 0px; padding: 0px; border: 0px; font-style: inherit; font-variant: inherit; font-weight: inherit; font-stretch: inherit; font-size: inherit; line-height: inherit; font-family: inherit; vertical-align: baseline;"><td width="20%" style="box-sizing: border-box; -webkit-font-smoothing: subpixel-antialiased; padding: 2px 0px 0px; margin: 0px; border: 0px; font-style: inherit; font-variant: inherit; font-weight: inherit; font-stretch: inherit; line-height: 22px; font-family: inherit; vertical-align: baseline; width: 227px;">Bluetooth Range</td><td style="box-sizing: border-box; -webkit-font-smoothing: subpixel-antialiased; padding: 2px 0px 0px; margin: 0px; border: 0px; font-style: inherit; font-variant: inherit; font-weight: inherit; font-stretch: inherit; line-height: 22px; font-family: inherit; vertical-align: baseline; color: rgb(0, 0, 0);">10 meters</td></tr></tbody></table></td></tr><tr style="box-sizing: border-box; -webkit-font-smoothing: subpixel-antialiased; margin: 0px; padding: 0px; border: 0px; font-style: inherit; font-variant: inherit; font-weight: inherit; font-stretch: inherit; font-size: inherit; line-height: inherit; font-family: inherit; vertical-align: baseline;"><td style="box-sizing: border-box; -webkit-font-smoothing: subpixel-antialiased; padding: 2px 0px 0px; margin: 0px; border: 0px; font-style: inherit; font-variant: inherit; font-weight: inherit; font-stretch: inherit; font-size: 13px; line-height: 22px; font-family: inherit; vertical-align: baseline; color: rgb(178, 178, 178); width: 874px;"><table width="100%" border="0" cellspacing="2" cellpadding="0" class="product-spec" style="box-sizing: border-box; -webkit-font-smoothing: subpixel-antialiased; margin: 0px 0px 10px; padding: 0px; border: 0px; font-style: inherit; font-variant: inherit; font-weight: inherit; font-stretch: inherit; font-size: inherit; line-height: inherit; font-family: inherit; vertical-align: baseline;"><tbody style="box-sizing: border-box; -webkit-font-smoothing: subpixel-antialiased; margin: 0px; padding: 0px; border: 0px; font-style: inherit; font-variant: inherit; font-weight: inherit; font-stretch: inherit; font-size: inherit; line-height: inherit; font-family: inherit; vertical-align: baseline;"><tr style="box-sizing: border-box; -webkit-font-smoothing: subpixel-antialiased; margin: 0px; padding: 0px; border: 0px; font-style: inherit; font-variant: inherit; font-weight: inherit; font-stretch: inherit; font-size: inherit; line-height: inherit; font-family: inherit; vertical-align: baseline;"><th colspan="2" style="box-sizing: border-box; -webkit-font-smoothing: subpixel-antialiased; padding: 18px 0px 9px; margin: 0px; border: 0px; font-style: inherit; font-variant: inherit; font-weight: inherit; font-stretch: inherit; font-size: 16px; line-height: 48px; font-family: inherit; vertical-align: baseline; text-transform: capitalize; color: rgb(33, 33, 33); text-align: left;">Power And Battery</th></tr><tr style="box-sizing: border-box; -webkit-font-smoothing: subpixel-antialiased; margin: 0px; padding: 0px; border: 0px; font-style: inherit; font-variant: inherit; font-weight: inherit; font-stretch: inherit; font-size: inherit; line-height: inherit; font-family: inherit; vertical-align: baseline;"><td width="20%" style="box-sizing: border-box; -webkit-font-smoothing: subpixel-antialiased; padding: 2px 0px 0px; margin: 0px; border: 0px; font-style: inherit; font-variant: inherit; font-weight: inherit; font-stretch: inherit; line-height: 22px; font-family: inherit; vertical-align: baseline; width: 227px;">Talk Time</td><td style="box-sizing: border-box; -webkit-font-smoothing: subpixel-antialiased; padding: 2px 0px 0px; margin: 0px; border: 0px; font-style: inherit; font-variant: inherit; font-weight: inherit; font-stretch: inherit; line-height: 22px; font-family: inherit; vertical-align: baseline; color: rgb(0, 0, 0);">7 hours</td></tr><tr style="box-sizing: border-box; -webkit-font-smoothing: subpixel-antialiased; margin: 0px; padding: 0px; border: 0px; font-style: inherit; font-variant: inherit; font-weight: inherit; font-stretch: inherit; font-size: inherit; line-height: inherit; font-family: inherit; vertical-align: baseline;"><td width="20%" style="box-sizing: border-box; -webkit-font-smoothing: subpixel-antialiased; padding: 2px 0px 0px; margin: 0px; border: 0px; font-style: inherit; font-variant: inherit; font-weight: inherit; font-stretch: inherit; line-height: 22px; font-family: inherit; vertical-align: baseline; width: 227px;">Stand-by Time</td><td style="box-sizing: border-box; -webkit-font-smoothing: subpixel-antialiased; padding: 2px 0px 0px; margin: 0px; border: 0px; font-style: inherit; font-variant: inherit; font-weight: inherit; font-stretch: inherit; line-height: 22px; font-family: inherit; vertical-align: baseline; color: rgb(0, 0, 0);">200 hours</td></tr><tr style="box-sizing: border-box; -webkit-font-smoothing: subpixel-antialiased; margin: 0px; padding: 0px; border: 0px; font-style: inherit; font-variant: inherit; font-weight: inherit; font-stretch: inherit; font-size: inherit; line-height: inherit; font-family: inherit; vertical-align: baseline;"><td width="20%" style="box-sizing: border-box; -webkit-font-smoothing: subpixel-antialiased; padding: 2px 0px 0px; margin: 0px; border: 0px; font-style: inherit; font-variant: inherit; font-weight: inherit; font-stretch: inherit; line-height: 22px; font-family: inherit; vertical-align: baseline; width: 227px;">Charge Time</td><td style="box-sizing: border-box; -webkit-font-smoothing: subpixel-antialiased; padding: 2px 0px 0px; margin: 0px; border: 0px; font-style: inherit; font-variant: inherit; font-weight: inherit; font-stretch: inherit; line-height: 22px; font-family: inherit; vertical-align: baseline; color: rgb(0, 0, 0);">2 hours</td></tr></tbody></table></td></tr></tbody></table>', 'Sony-Mono-Bluetooth-Headset-MBH20-SDL033867508-1-afb2b.jpg', 'Sony-Mono-Bluetooth-Headset-MBH20-SDL033867508-2-fb380.jpg', 'Sony-Mono-Bluetooth-Headset-MBH20-SDL033867508-3-e8697.jpg', 49, 'In Stock', '2017-05-02 20:13:32', ''),
(66, 4, 5, 'Fiado mx666 pure bass Bluetooth Headset - Blue', 'FIADO', 1399, 4999, '<table width="100%" border="0" cellspacing="0" cellpadding="0" style="box-sizing: border-box; -webkit-font-smoothing: subpixel-antialiased; margin: 0px 0px 10px; padding: 0px; border: 0px; font-variant-numeric: inherit; font-stretch: inherit; font-size: 14px; line-height: inherit; font-family: font-regular; vertical-align: baseline; color: rgb(0, 0, 0); background-color: rgb(255, 255, 255);"><tbody style="box-sizing: border-box; -webkit-font-smoothing: subpixel-antialiased; margin: 0px; padding: 0px; border: 0px; font-style: inherit; font-variant: inherit; font-weight: inherit; font-stretch: inherit; font-size: inherit; line-height: inherit; font-family: inherit; vertical-align: baseline;"><tr style="box-sizing: border-box; -webkit-font-smoothing: subpixel-antialiased; margin: 0px; padding: 0px; border: 0px; font-style: inherit; font-variant: inherit; font-weight: inherit; font-stretch: inherit; font-size: inherit; line-height: inherit; font-family: inherit; vertical-align: baseline;"><td style="box-sizing: border-box; -webkit-font-smoothing: subpixel-antialiased; padding: 2px 0px 0px; margin: 0px; border: 0px; font-style: inherit; font-variant: inherit; font-weight: inherit; font-stretch: inherit; font-size: 13px; line-height: 22px; font-family: inherit; vertical-align: baseline; color: rgb(178, 178, 178); width: 874px;"><table width="100%" border="0" cellspacing="2" cellpadding="0" class="product-spec" style="box-sizing: border-box; -webkit-font-smoothing: subpixel-antialiased; margin: 0px 0px 10px; padding: 0px; border: 0px; font-style: inherit; font-variant: inherit; font-weight: inherit; font-stretch: inherit; font-size: inherit; line-height: inherit; font-family: inherit; vertical-align: baseline;"><tbody style="box-sizing: border-box; -webkit-font-smoothing: subpixel-antialiased; margin: 0px; padding: 0px; border: 0px; font-style: inherit; font-variant: inherit; font-weight: inherit; font-stretch: inherit; font-size: inherit; line-height: inherit; font-family: inherit; vertical-align: baseline;"><tr style="box-sizing: border-box; -webkit-font-smoothing: subpixel-antialiased; margin: 0px; padding: 0px; border: 0px; font-style: inherit; font-variant: inherit; font-weight: inherit; font-stretch: inherit; font-size: inherit; line-height: inherit; font-family: inherit; vertical-align: baseline;"><th colspan="2" style="box-sizing: border-box; -webkit-font-smoothing: subpixel-antialiased; padding: 18px 0px 9px; margin: 0px; border: 0px; font-style: inherit; font-variant: inherit; font-weight: inherit; font-stretch: inherit; font-size: 16px; line-height: 48px; font-family: inherit; vertical-align: baseline; text-transform: capitalize; color: rgb(33, 33, 33); text-align: left;">Specifications</th></tr><tr style="box-sizing: border-box; -webkit-font-smoothing: subpixel-antialiased; margin: 0px; padding: 0px; border: 0px; font-style: inherit; font-variant: inherit; font-weight: inherit; font-stretch: inherit; font-size: inherit; line-height: inherit; font-family: inherit; vertical-align: baseline;"><td width="20%" style="box-sizing: border-box; -webkit-font-smoothing: subpixel-antialiased; padding: 2px 0px 0px; margin: 0px; border: 0px; font-style: inherit; font-variant: inherit; font-weight: inherit; font-stretch: inherit; line-height: 22px; font-family: inherit; vertical-align: baseline; width: 227px;">Bluetooth Headset Model Name</td><td style="box-sizing: border-box; -webkit-font-smoothing: subpixel-antialiased; padding: 2px 0px 0px; margin: 0px; border: 0px; font-style: inherit; font-variant: inherit; font-weight: inherit; font-stretch: inherit; line-height: 22px; font-family: inherit; vertical-align: baseline; color: rgb(0, 0, 0);">mx666 pure bass</td></tr><tr style="box-sizing: border-box; -webkit-font-smoothing: subpixel-antialiased; margin: 0px; padding: 0px; border: 0px; font-style: inherit; font-variant: inherit; font-weight: inherit; font-stretch: inherit; font-size: inherit; line-height: inherit; font-family: inherit; vertical-align: baseline;"><td width="20%" style="box-sizing: border-box; -webkit-font-smoothing: subpixel-antialiased; padding: 2px 0px 0px; margin: 0px; border: 0px; font-style: inherit; font-variant: inherit; font-weight: inherit; font-stretch: inherit; line-height: 22px; font-family: inherit; vertical-align: baseline; width: 227px;">Brand</td><td style="box-sizing: border-box; -webkit-font-smoothing: subpixel-antialiased; padding: 2px 0px 0px; margin: 0px; border: 0px; font-style: inherit; font-variant: inherit; font-weight: inherit; font-stretch: inherit; line-height: 22px; font-family: inherit; vertical-align: baseline; color: rgb(0, 0, 0);">Fiado</td></tr><tr style="box-sizing: border-box; -webkit-font-smoothing: subpixel-antialiased; margin: 0px; padding: 0px; border: 0px; font-style: inherit; font-variant: inherit; font-weight: inherit; font-stretch: inherit; font-size: inherit; line-height: inherit; font-family: inherit; vertical-align: baseline;"><td width="20%" style="box-sizing: border-box; -webkit-font-smoothing: subpixel-antialiased; padding: 2px 0px 0px; margin: 0px; border: 0px; font-style: inherit; font-variant: inherit; font-weight: inherit; font-stretch: inherit; line-height: 22px; font-family: inherit; vertical-align: baseline; width: 227px;">USB Support</td><td style="box-sizing: border-box; -webkit-font-smoothing: subpixel-antialiased; padding: 2px 0px 0px; margin: 0px; border: 0px; font-style: inherit; font-variant: inherit; font-weight: inherit; font-stretch: inherit; line-height: 22px; font-family: inherit; vertical-align: baseline; color: rgb(0, 0, 0);">No</td></tr><tr style="box-sizing: border-box; -webkit-font-smoothing: subpixel-antialiased; margin: 0px; padding: 0px; border: 0px; font-style: inherit; font-variant: inherit; font-weight: inherit; font-stretch: inherit; font-size: inherit; line-height: inherit; font-family: inherit; vertical-align: baseline;"><td width="20%" style="box-sizing: border-box; -webkit-font-smoothing: subpixel-antialiased; padding: 2px 0px 0px; margin: 0px; border: 0px; font-style: inherit; font-variant: inherit; font-weight: inherit; font-stretch: inherit; line-height: 22px; font-family: inherit; vertical-align: baseline; width: 227px;">Wired or Wireless</td><td style="box-sizing: border-box; -webkit-font-smoothing: subpixel-antialiased; padding: 2px 0px 0px; margin: 0px; border: 0px; font-style: inherit; font-variant: inherit; font-weight: inherit; font-stretch: inherit; line-height: 22px; font-family: inherit; vertical-align: baseline; color: rgb(0, 0, 0);">Wireless</td></tr><tr style="box-sizing: border-box; -webkit-font-smoothing: subpixel-antialiased; margin: 0px; padding: 0px; border: 0px; font-style: inherit; font-variant: inherit; font-weight: inherit; font-stretch: inherit; font-size: inherit; line-height: inherit; font-family: inherit; vertical-align: baseline;"><td width="20%" style="box-sizing: border-box; -webkit-font-smoothing: subpixel-antialiased; padding: 2px 0px 0px; margin: 0px; border: 0px; font-style: inherit; font-variant: inherit; font-weight: inherit; font-stretch: inherit; line-height: 22px; font-family: inherit; vertical-align: baseline; width: 227px;">Color</td><td style="box-sizing: border-box; -webkit-font-smoothing: subpixel-antialiased; padding: 2px 0px 0px; margin: 0px; border: 0px; font-style: inherit; font-variant: inherit; font-weight: inherit; font-stretch: inherit; line-height: 22px; font-family: inherit; vertical-align: baseline; color: rgb(0, 0, 0);">Blue</td></tr></tbody></table></td></tr><tr style="box-sizing: border-box; -webkit-font-smoothing: subpixel-antialiased; margin: 0px; padding: 0px; border: 0px; font-style: inherit; font-variant: inherit; font-weight: inherit; font-stretch: inherit; font-size: inherit; line-height: inherit; font-family: inherit; vertical-align: baseline;"><td style="box-sizing: border-box; -webkit-font-smoothing: subpixel-antialiased; padding: 2px 0px 0px; margin: 0px; border: 0px; font-style: inherit; font-variant: inherit; font-weight: inherit; font-stretch: inherit; font-size: 13px; line-height: 22px; font-family: inherit; vertical-align: baseline; color: rgb(178, 178, 178); width: 874px;"><table width="100%" border="0" cellspacing="2" cellpadding="0" class="product-spec" style="box-sizing: border-box; -webkit-font-smoothing: subpixel-antialiased; margin: 0px 0px 10px; padding: 0px; border: 0px; font-style: inherit; font-variant: inherit; font-weight: inherit; font-stretch: inherit; font-size: inherit; line-height: inherit; font-family: inherit; vertical-align: baseline;"><tbody style="box-sizing: border-box; -webkit-font-smoothing: subpixel-antialiased; margin: 0px; padding: 0px; border: 0px; font-style: inherit; font-variant: inherit; font-weight: inherit; font-stretch: inherit; font-size: inherit; line-height: inherit; font-family: inherit; vertical-align: baseline;"><tr style="box-sizing: border-box; -webkit-font-smoothing: subpixel-antialiased; margin: 0px; padding: 0px; border: 0px; font-style: inherit; font-variant: inherit; font-weight: inherit; font-stretch: inherit; font-size: inherit; line-height: inherit; font-family: inherit; vertical-align: baseline;"><th colspan="2" style="box-sizing: border-box; -webkit-font-smoothing: subpixel-antialiased; padding: 18px 0px 9px; margin: 0px; border: 0px; font-style: inherit; font-variant: inherit; font-weight: inherit; font-stretch: inherit; font-size: 16px; line-height: 48px; font-family: inherit; vertical-align: baseline; text-transform: capitalize; color: rgb(33, 33, 33); text-align: left;">Mic</th></tr><tr style="box-sizing: border-box; -webkit-font-smoothing: subpixel-antialiased; margin: 0px; padding: 0px; border: 0px; font-style: inherit; font-variant: inherit; font-weight: inherit; font-stretch: inherit; font-size: inherit; line-height: inherit; font-family: inherit; vertical-align: baseline;"><td width="20%" style="box-sizing: border-box; -webkit-font-smoothing: subpixel-antialiased; padding: 2px 0px 0px; margin: 0px; border: 0px; font-style: inherit; font-variant: inherit; font-weight: inherit; font-stretch: inherit; line-height: 22px; font-family: inherit; vertical-align: baseline; width: 227px;">With or Without Mic</td><td style="box-sizing: border-box; -webkit-font-smoothing: subpixel-antialiased; padding: 2px 0px 0px; margin: 0px; border: 0px; font-style: inherit; font-variant: inherit; font-weight: inherit; font-stretch: inherit; line-height: 22px; font-family: inherit; vertical-align: baseline; color: rgb(0, 0, 0);">With Mic</td></tr></tbody></table></td></tr><tr style="box-sizing: border-box; -webkit-font-smoothing: subpixel-antialiased; margin: 0px; padding: 0px; border: 0px; font-style: inherit; font-variant: inherit; font-weight: inherit; font-stretch: inherit; font-size: inherit; line-height: inherit; font-family: inherit; vertical-align: baseline;"><td style="box-sizing: border-box; -webkit-font-smoothing: subpixel-antialiased; padding: 2px 0px 0px; margin: 0px; border: 0px; font-style: inherit; font-variant: inherit; font-weight: inherit; font-stretch: inherit; font-size: 13px; line-height: 22px; font-family: inherit; vertical-align: baseline; color: rgb(178, 178, 178); width: 874px;"><table width="100%" border="0" cellspacing="2" cellpadding="0" class="product-spec" style="box-sizing: border-box; -webkit-font-smoothing: subpixel-antialiased; margin: 0px 0px 10px; padding: 0px; border: 0px; font-style: inherit; font-variant: inherit; font-weight: inherit; font-stretch: inherit; font-size: inherit; line-height: inherit; font-family: inherit; vertical-align: baseline;"><tbody style="box-sizing: border-box; -webkit-font-smoothing: subpixel-antialiased; margin: 0px; padding: 0px; border: 0px; font-style: inherit; font-variant: inherit; font-weight: inherit; font-stretch: inherit; font-size: inherit; line-height: inherit; font-family: inherit; vertical-align: baseline;"><tr style="box-sizing: border-box; -webkit-font-smoothing: subpixel-antialiased; margin: 0px; padding: 0px; border: 0px; font-style: inherit; font-variant: inherit; font-weight: inherit; font-stretch: inherit; font-size: inherit; line-height: inherit; font-family: inherit; vertical-align: baseline;"><th colspan="2" style="box-sizing: border-box; -webkit-font-smoothing: subpixel-antialiased; padding: 18px 0px 9px; margin: 0px; border: 0px; font-style: inherit; font-variant: inherit; font-weight: inherit; font-stretch: inherit; font-size: 16px; line-height: 48px; font-family: inherit; vertical-align: baseline; text-transform: capitalize; color: rgb(33, 33, 33); text-align: left;">Bluetooth</th></tr><tr style="box-sizing: border-box; -webkit-font-smoothing: subpixel-antialiased; margin: 0px; padding: 0px; border: 0px; font-style: inherit; font-variant: inherit; font-weight: inherit; font-stretch: inherit; font-size: inherit; line-height: inherit; font-family: inherit; vertical-align: baseline;"><td width="20%" style="box-sizing: border-box; -webkit-font-smoothing: subpixel-antialiased; padding: 2px 0px 0px; margin: 0px; border: 0px; font-style: inherit; font-variant: inherit; font-weight: inherit; font-stretch: inherit; line-height: 22px; font-family: inherit; vertical-align: baseline; width: 227px;">Bluetooth Version</td><td style="box-sizing: border-box; -webkit-font-smoothing: subpixel-antialiased; padding: 2px 0px 0px; margin: 0px; border: 0px; font-style: inherit; font-variant: inherit; font-weight: inherit; font-stretch: inherit; line-height: 22px; font-family: inherit; vertical-align: baseline; color: rgb(0, 0, 0);">v4.1</td></tr><tr style="box-sizing: border-box; -webkit-font-smoothing: subpixel-antialiased; margin: 0px; padding: 0px; border: 0px; font-style: inherit; font-variant: inherit; font-weight: inherit; font-stretch: inherit; font-size: inherit; line-height: inherit; font-family: inherit; vertical-align: baseline;"><td width="20%" style="box-sizing: border-box; -webkit-font-smoothing: subpixel-antialiased; padding: 2px 0px 0px; margin: 0px; border: 0px; font-style: inherit; font-variant: inherit; font-weight: inherit; font-stretch: inherit; line-height: 22px; font-family: inherit; vertical-align: baseline; width: 227px;">Bluetooth Range</td><td style="box-sizing: border-box; -webkit-font-smoothing: subpixel-antialiased; padding: 2px 0px 0px; margin: 0px; border: 0px; font-style: inherit; font-variant: inherit; font-weight: inherit; font-stretch: inherit; line-height: 22px; font-family: inherit; vertical-align: baseline; color: rgb(0, 0, 0);">Class 2 (Upto 10 m)</td></tr><tr style="box-sizing: border-box; -webkit-font-smoothing: subpixel-antialiased; margin: 0px; padding: 0px; border: 0px; font-style: inherit; font-variant: inherit; font-weight: inherit; font-stretch: inherit; font-size: inherit; line-height: inherit; font-family: inherit; vertical-align: baseline;"><td width="20%" style="box-sizing: border-box; -webkit-font-smoothing: subpixel-antialiased; padding: 2px 0px 0px; margin: 0px; border: 0px; font-style: inherit; font-variant: inherit; font-weight: inherit; font-stretch: inherit; line-height: 22px; font-family: inherit; vertical-align: baseline; width: 227px;">Bluetooth Profile</td><td style="box-sizing: border-box; -webkit-font-smoothing: subpixel-antialiased; padding: 2px 0px 0px; margin: 0px; border: 0px; font-style: inherit; font-variant: inherit; font-weight: inherit; font-stretch: inherit; line-height: 22px; font-family: inherit; vertical-align: baseline; color: rgb(0, 0, 0);">A2DP</td></tr></tbody></table></td></tr><tr style="box-sizing: border-box; -webkit-font-smoothing: subpixel-antialiased; margin: 0px; padding: 0px; border: 0px; font-style: inherit; font-variant: inherit; font-weight: inherit; font-stretch: inherit; font-size: inherit; line-height: inherit; font-family: inherit; vertical-align: baseline;"><td style="box-sizing: border-box; -webkit-font-smoothing: subpixel-antialiased; padding: 2px 0px 0px; margin: 0px; border: 0px; font-style: inherit; font-variant: inherit; font-weight: inherit; font-stretch: inherit; font-size: 13px; line-height: 22px; font-family: inherit; vertical-align: baseline; color: rgb(178, 178, 178); width: 874px;"><table width="100%" border="0" cellspacing="2" cellpadding="0" class="product-spec" style="box-sizing: border-box; -webkit-font-smoothing: subpixel-antialiased; margin: 0px 0px 10px; padding: 0px; border: 0px; font-style: inherit; font-variant: inherit; font-weight: inherit; font-stretch: inherit; font-size: inherit; line-height: inherit; font-family: inherit; vertical-align: baseline;"><tbody style="box-sizing: border-box; -webkit-font-smoothing: subpixel-antialiased; margin: 0px; padding: 0px; border: 0px; font-style: inherit; font-variant: inherit; font-weight: inherit; font-stretch: inherit; font-size: inherit; line-height: inherit; font-family: inherit; vertical-align: baseline;"><tr style="box-sizing: border-box; -webkit-font-smoothing: subpixel-antialiased; margin: 0px; padding: 0px; border: 0px; font-style: inherit; font-variant: inherit; font-weight: inherit; font-stretch: inherit; font-size: inherit; line-height: inherit; font-family: inherit; vertical-align: baseline;"><th colspan="2" style="box-sizing: border-box; -webkit-font-smoothing: subpixel-antialiased; padding: 18px 0px 9px; margin: 0px; border: 0px; font-style: inherit; font-variant: inherit; font-weight: inherit; font-stretch: inherit; font-size: 16px; line-height: 48px; font-family: inherit; vertical-align: baseline; text-transform: capitalize; color: rgb(33, 33, 33); text-align: left;">Sound Features</th></tr><tr style="box-sizing: border-box; -webkit-font-smoothing: subpixel-antialiased; margin: 0px; padding: 0px; border: 0px; font-style: inherit; font-variant: inherit; font-weight: inherit; font-stretch: inherit; font-size: inherit; line-height: inherit; font-family: inherit; vertical-align: baseline;"><td width="20%" style="box-sizing: border-box; -webkit-font-smoothing: subpixel-antialiased; padding: 2px 0px 0px; margin: 0px; border: 0px; font-style: inherit; font-variant: inherit; font-weight: inherit; font-stretch: inherit; line-height: 22px; font-family: inherit; vertical-align: baseline; width: 227px;">Noise Reduction &amp; Cancellations</td><td style="box-sizing: border-box; -webkit-font-smoothing: subpixel-antialiased; padding: 2px 0px 0px; margin: 0px; border: 0px; font-style: inherit; font-variant: inherit; font-weight: inherit; font-stretch: inherit; line-height: 22px; font-family: inherit; vertical-align: baseline; color: rgb(0, 0, 0);">Yes</td></tr><tr style="box-sizing: border-box; -webkit-font-smoothing: subpixel-antialiased; margin: 0px; padding: 0px; border: 0px; font-style: inherit; font-variant: inherit; font-weight: inherit; font-stretch: inherit; font-size: inherit; line-height: inherit; font-family: inherit; vertical-align: baseline;"><td width="20%" style="box-sizing: border-box; -webkit-font-smoothing: subpixel-antialiased; padding: 2px 0px 0px; margin: 0px; border: 0px; font-style: inherit; font-variant: inherit; font-weight: inherit; font-stretch: inherit; line-height: 22px; font-family: inherit; vertical-align: baseline; width: 227px;">Other Sound Features</td><td style="box-sizing: border-box; -webkit-font-smoothing: subpixel-antialiased; padding: 2px 0px 0px; margin: 0px; border: 0px; font-style: inherit; font-variant: inherit; font-weight: inherit; font-stretch: inherit; line-height: 22px; font-family: inherit; vertical-align: baseline; color: rgb(0, 0, 0);">pure high bass sorround</td></tr><tr style="box-sizing: border-box; -webkit-font-smoothing: subpixel-antialiased; margin: 0px; padding: 0px; border: 0px; font-style: inherit; font-variant: inherit; font-weight: inherit; font-stretch: inherit; font-size: inherit; line-height: inherit; font-family: inherit; vertical-align: baseline;"><td width="20%" style="box-sizing: border-box; -webkit-font-smoothing: subpixel-antialiased; padding: 2px 0px 0px; margin: 0px; border: 0px; font-style: inherit; font-variant: inherit; font-weight: inherit; font-stretch: inherit; line-height: 22px; font-family: inherit; vertical-align: baseline; width: 227px;">Music Controls</td><td style="box-sizing: border-box; -webkit-font-smoothing: subpixel-antialiased; padding: 2px 0px 0px; margin: 0px; border: 0px; font-style: inherit; font-variant: inherit; font-weight: inherit; font-stretch: inherit; line-height: 22px; font-family: inherit; vertical-align: baseline; color: rgb(0, 0, 0);">Yes</td></tr><tr style="box-sizing: border-box; -webkit-font-smoothing: subpixel-antialiased; margin: 0px; padding: 0px; border: 0px; font-style: inherit; font-variant: inherit; font-weight: inherit; font-stretch: inherit; font-size: inherit; line-height: inherit; font-family: inherit; vertical-align: baseline;"><td width="20%" style="box-sizing: border-box; -webkit-font-smoothing: subpixel-antialiased; padding: 2px 0px 0px; margin: 0px; border: 0px; font-style: inherit; font-variant: inherit; font-weight: inherit; font-stretch: inherit; line-height: 22px; font-family: inherit; vertical-align: baseline; width: 227px;">Call Controls</td><td style="box-sizing: border-box; -webkit-font-smoothing: subpixel-antialiased; padding: 2px 0px 0px; margin: 0px; border: 0px; font-style: inherit; font-variant: inherit; font-weight: inherit; font-stretch: inherit; line-height: 22px; font-family: inherit; vertical-align: baseline; color: rgb(0, 0, 0);">Yes</td></tr><tr style="box-sizing: border-box; -webkit-font-smoothing: subpixel-antialiased; margin: 0px; padding: 0px; border: 0px; font-style: inherit; font-variant: inherit; font-weight: inherit; font-stretch: inherit; font-size: inherit; line-height: inherit; font-family: inherit; vertical-align: baseline;"><td width="20%" style="box-sizing: border-box; -webkit-font-smoothing: subpixel-antialiased; padding: 2px 0px 0px; margin: 0px; border: 0px; font-style: inherit; font-variant: inherit; font-weight: inherit; font-stretch: inherit; line-height: 22px; font-family: inherit; vertical-align: baseline; width: 227px;">Other Control Features</td><td style="box-sizing: border-box; -webkit-font-smoothing: subpixel-antialiased; padding: 2px 0px 0px; margin: 0px; border: 0px; font-style: inherit; font-variant: inherit; font-weight: inherit; font-stretch: inherit; line-height: 22px; font-family: inherit; vertical-align: baseline; color: rgb(0, 0, 0);">voice calling</td></tr></tbody></table></td></tr><tr style="box-sizing: border-box; -webkit-font-smoothing: subpixel-antialiased; margin: 0px; padding: 0px; border: 0px; font-style: inherit; font-variant: inherit; font-weight: inherit; font-stretch: inherit; font-size: inherit; line-height: inherit; font-family: inherit; vertical-align: baseline;"><td style="box-sizing: border-box; -webkit-font-smoothing: subpixel-antialiased; padding: 2px 0px 0px; margin: 0px; border: 0px; font-style: inherit; font-variant: inherit; font-weight: inherit; font-stretch: inherit; font-size: 13px; line-height: 22px; font-family: inherit; vertical-align: baseline; color: rgb(178, 178, 178); width: 874px;"><table width="100%" border="0" cellspacing="2" cellpadding="0" class="product-spec" style="box-sizing: border-box; -webkit-font-smoothing: subpixel-antialiased; margin: 0px 0px 10px; padding: 0px; border: 0px; font-style: inherit; font-variant: inherit; font-weight: inherit; font-stretch: inherit; font-size: inherit; line-height: inherit; font-family: inherit; vertical-align: baseline;"><tbody style="box-sizing: border-box; -webkit-font-smoothing: subpixel-antialiased; margin: 0px; padding: 0px; border: 0px; font-style: inherit; font-variant: inherit; font-weight: inherit; font-stretch: inherit; font-size: inherit; line-height: inherit; font-family: inherit; vertical-align: baseline;"><tr style="box-sizing: border-box; -webkit-font-smoothing: subpixel-antialiased; margin: 0px; padding: 0px; border: 0px; font-style: inherit; font-variant: inherit; font-weight: inherit; font-stretch: inherit; font-size: inherit; line-height: inherit; font-family: inherit; vertical-align: baseline;"><th colspan="2" style="box-sizing: border-box; -webkit-font-smoothing: subpixel-antialiased; padding: 18px 0px 9px; margin: 0px; border: 0px; font-style: inherit; font-variant: inherit; font-weight: inherit; font-stretch: inherit; font-size: 16px; line-height: 48px; font-family: inherit; vertical-align: baseline; text-transform: capitalize; color: rgb(33, 33, 33); text-align: left;">Power And Battery</th></tr><tr style="box-sizing: border-box; -webkit-font-smoothing: subpixel-antialiased; margin: 0px; padding: 0px; border: 0px; font-style: inherit; font-variant: inherit; font-weight: inherit; font-stretch: inherit; font-size: inherit; line-height: inherit; font-family: inherit; vertical-align: baseline;"><td width="20%" style="box-sizing: border-box; -webkit-font-smoothing: subpixel-antialiased; padding: 2px 0px 0px; margin: 0px; border: 0px; font-style: inherit; font-variant: inherit; font-weight: inherit; font-stretch: inherit; line-height: 22px; font-family: inherit; vertical-align: baseline; width: 227px;">Talk Time</td><td style="box-sizing: border-box; -webkit-font-smoothing: subpixel-antialiased; padding: 2px 0px 0px; margin: 0px; border: 0px; font-style: inherit; font-variant: inherit; font-weight: inherit; font-stretch: inherit; line-height: 22px; font-family: inherit; vertical-align: baseline; color: rgb(0, 0, 0);">Upto 7h</td></tr><tr style="box-sizing: border-box; -webkit-font-smoothing: subpixel-antialiased; margin: 0px; padding: 0px; border: 0px; font-style: inherit; font-variant: inherit; font-weight: inherit; font-stretch: inherit; font-size: inherit; line-height: inherit; font-family: inherit; vertical-align: baseline;"><td width="20%" style="box-sizing: border-box; -webkit-font-smoothing: subpixel-antialiased; padding: 2px 0px 0px; margin: 0px; border: 0px; font-style: inherit; font-variant: inherit; font-weight: inherit; font-stretch: inherit; line-height: 22px; font-family: inherit; vertical-align: baseline; width: 227px;">Stand By Time</td><td style="box-sizing: border-box; -webkit-font-smoothing: subpixel-antialiased; padding: 2px 0px 0px; margin: 0px; border: 0px; font-style: inherit; font-variant: inherit; font-weight: inherit; font-stretch: inherit; line-height: 22px; font-family: inherit; vertical-align: baseline; color: rgb(0, 0, 0);">Upto 24h</td></tr></tbody></table></td></tr><tr style="box-sizing: border-box; -webkit-font-smoothing: subpixel-antialiased; margin: 0px; padding: 0px; border: 0px; font-style: inherit; font-variant: inherit; font-weight: inherit; font-stretch: inherit; font-size: inherit; line-height: inherit; font-family: inherit; vertical-align: baseline;"><td style="box-sizing: border-box; -webkit-font-smoothing: subpixel-antialiased; padding: 2px 0px 0px; margin: 0px; border: 0px; font-style: inherit; font-variant: inherit; font-weight: inherit; font-stretch: inherit; font-size: 13px; line-height: 22px; font-family: inherit; vertical-align: baseline; color: rgb(178, 178, 178); width: 874px;"><br></td></tr></tbody></table>', 'Fiado-mx666-pure-bass-Bluetooth-SDL541975935-1-fccce.jpg', 'Fiado-mx666-pure-bass-Bluetooth-SDL541975935-2-970ad.jpg', 'Fiado-mx666-pure-bass-Bluetooth-SDL541975935-4-f7ebf.jpg', 29, 'In Stock', '2017-05-02 20:17:40', ''),
(68, 7, 17, ' Ravki Women Yoga Pant', 'yoga', 700, 899, '<ul class="a-unordered-list a-vertical a-spacing-none" style="box-sizing: border-box; margin-left: 18px; color: rgb(148, 148, 148); font-family: &quot;Amazon Ember&quot;, Arial, sans-serif; margin-bottom: 0px !important;"><li style="box-sizing: border-box; list-style: disc; word-wrap: break-word; margin: 0px;"><span class="a-list-item" style="box-sizing: border-box; color: rgb(17, 17, 17); word-wrap: break-word; display: block;">Style detail - Yoga Gym Sport Fitness Legging Pants.</span></li><li style="box-sizing: border-box; list-style: disc; word-wrap: break-word; margin: 0px;"><span class="a-list-item" style="box-sizing: border-box; color: rgb(17, 17, 17); word-wrap: break-word; display: block;">Material composition - 57% NYLON,35% POLYESTER,8% SPANDEX</span></li><li style="box-sizing: border-box; list-style: disc; word-wrap: break-word; margin: 0px;"><span class="a-list-item" style="box-sizing: border-box; color: rgb(17, 17, 17); word-wrap: break-word; display: block;">Please check the size chart before ordering to choose the correct product size. SMALL[ Waist: 24 Inch to 29 Inch, Length: 33 Inch ]. MEDIUM[ Waist: 28 Inch to 34 Inch, Length: 35 Inch ].</span></li><li style="box-sizing: border-box; list-style: disc; word-wrap: break-word; margin: 0px;"><span class="a-list-item" style="box-sizing: border-box; color: rgb(17, 17, 17); word-wrap: break-word; display: block;">Accompaniments - Perfect for yoga, exercise, fitness, any type of workout, or everyday use. Recommended for winters.</span></li><li style="box-sizing: border-box; list-style: disc; word-wrap: break-word; margin: 0px;"><span class="a-list-item" style="box-sizing: border-box; color: rgb(17, 17, 17); word-wrap: break-word; display: block;">Please order from " RAVKI " seller, if you like to have better customer experience and high quality product. This product is 100% genuine imported product. The price includes import custom duties and taxes.</span></li></ul>', '71hPuVtftNL._UL1500_.jpg', '71RmDrm8c3L._UL1500_.jpg', '81a-Rpfbl2L._UL1500_.jpg', 0, 'In Stock', '2017-05-03 16:09:38', ''),
(69, 6, 12, 'Sports Shoes & Loafers', 'Chevit Men', 500, 1998, '<ul class="a-unordered-list a-vertical a-spacing-none" style="box-sizing: border-box; margin-left: 18px; color: rgb(148, 148, 148); font-family: &quot;Amazon Ember&quot;, Arial, sans-serif; margin-bottom: 0px !important;"><li style="box-sizing: border-box; list-style: disc; word-wrap: break-word; margin: 0px;"><span class="a-list-item" style="box-sizing: border-box; color: rgb(17, 17, 17); word-wrap: break-word; display: block;">Material: Canvas and Synthetic Shoes for Men</span></li><li style="box-sizing: border-box; list-style: disc; word-wrap: break-word; margin: 0px;"><span class="a-list-item" style="box-sizing: border-box; color: rgb(17, 17, 17); word-wrap: break-word; display: block;">Outdoor Multipurpose Pack of 3 Shoes</span></li><li style="box-sizing: border-box; list-style: disc; word-wrap: break-word; margin: 0px;"><span class="a-list-item" style="box-sizing: border-box; color: rgb(17, 17, 17); word-wrap: break-word; display: block;">Closure: Slip-On and Laced</span></li><li style="box-sizing: border-box; list-style: disc; word-wrap: break-word; margin: 0px;"><span class="a-list-item" style="box-sizing: border-box; color: rgb(17, 17, 17); word-wrap: break-word; display: block;">Padded FootBed, Cushioned Ankle, Fully adjustable straps, Shock-absorbing Anti-Skate sole</span></li><li style="box-sizing: border-box; list-style: disc; word-wrap: break-word; margin: 0px;"><span class="a-list-item" style="box-sizing: border-box; color: rgb(17, 17, 17); word-wrap: break-word; display: block;">Care Instructions: Allow your pair of shoes to air and de-odorize at a regular basis, this also helps them retain their natural shape; use shoe bags to prevent any stains or mildew; dust any dry dirt from the surface using a clean cloth, do not use polish or shiner</span></li></ul>', '81Gh9AQyqmL._UL1500_.jpg', '61zPKojFH+L._UL1500_.jpg', '61v+5GA96ZL._UL1500_.jpg', 0, 'In Stock', '2017-05-03 16:19:14', ''),
(71, 7, 17, 'Jannat Hot Shapers Slimming Pant', 'shapers', 399, 989, 'gym&nbsp;', '61JzubIuNVL._UL1500_.jpg', '61jFume2BBL._UL1500_.jpg', '61nupm-78fL._UL1500_.jpg', 0, 'In Stock', '2017-05-03 19:16:09', ''),
(72, 7, 17, 'Women Sports Drifit', 'sport', 399, 599, '<ul class="a-unordered-list a-vertical a-spacing-none" style="box-sizing: border-box; margin-left: 18px; color: rgb(148, 148, 148); font-family: &quot;Amazon Ember&quot;, Arial, sans-serif; margin-bottom: 0px !important;"><li style="box-sizing: border-box; list-style: disc; word-wrap: break-word; margin: 0px;"><span class="a-list-item" style="box-sizing: border-box; color: rgb(17, 17, 17); word-wrap: break-word; display: block;">Material : Dri-Fit</span></li><li style="box-sizing: border-box; list-style: disc; word-wrap: break-word; margin: 0px;"><span class="a-list-item" style="box-sizing: border-box; color: rgb(17, 17, 17); word-wrap: break-word; display: block;">Fit Type : Skin Fit</span></li><li style="box-sizing: border-box; list-style: disc; word-wrap: break-word; margin: 0px;"><span class="a-list-item" style="box-sizing: border-box; color: rgb(17, 17, 17); word-wrap: break-word; display: block;">Sweat Absorb Material</span></li><li style="box-sizing: border-box; list-style: disc; word-wrap: break-word; margin: 0px;"><span class="a-list-item" style="box-sizing: border-box; color: rgb(17, 17, 17); word-wrap: break-word; display: block;">Comfort Fabric Best for Sports ,Gym,Training &amp; Fitness</span></li><li style="box-sizing: border-box; list-style: disc; word-wrap: break-word; margin: 0px;"><span class="a-list-item" style="box-sizing: border-box; color: rgb(17, 17, 17); word-wrap: break-word; display: block;">Washcare : Wash in normal water Dry-Inside Out Warm iron on reverse</span></li></ul>', '41SGY2hwDjL.jpg', '31h-CQTo28L.jpg', '31LH7qhQA6L.jpg', 0, 'In Stock', '2017-05-03 19:22:34', '');
INSERT INTO `products` (`id`, `category`, `subCategory`, `productName`, `productCompany`, `productPrice`, `productPriceBeforeDiscount`, `productDescription`, `productImage1`, `productImage2`, `productImage3`, `shippingCharge`, `productAvailability`, `postingDate`, `updationDate`) VALUES
(73, 7, 18, 'Fit Labs BodyBase Sports ', 'lab sport', 650, 990, '<ul class="a-unordered-list a-vertical a-spacing-none" style="box-sizing: border-box; margin-left: 18px; color: rgb(148, 148, 148); font-family: &quot;Amazon Ember&quot;, Arial, sans-serif; margin-bottom: 0px !important;"><li style="box-sizing: border-box; list-style: disc; word-wrap: break-word; margin: 0px;"><span class="a-list-item" style="box-sizing: border-box; color: rgb(17, 17, 17);">FitLabs Innovative Design: Dual Fabric Combination of Spandex &amp; Dri Fit helps keep you dry all the time.</span></li><li style="box-sizing: border-box; list-style: disc; word-wrap: break-word; margin: 0px;"><span class="a-list-item" style="box-sizing: border-box; color: rgb(17, 17, 17);">Dri Fit fabric works by pulling sweat away from the areas under it as well as those covered by spandex, thus keeping your body cool and dry during activity.</span></li><li style="box-sizing: border-box; list-style: disc; word-wrap: break-word; margin: 0px;"><span class="a-list-item" style="box-sizing: border-box; color: rgb(17, 17, 17);">Light weight 4-way stretch fabric improves range of motion</span></li><li style="box-sizing: border-box; list-style: disc; word-wrap: break-word; margin: 0px;"><span class="a-list-item" style="box-sizing: border-box; color: rgb(17, 17, 17);">Designed to reduce the quick build up of lactic acid in the muscles, whilst keeping you comfortable and dry during your activity</span></li></ul>', 'men.jpg', '515mShTFXbL._SL1000_.jpg', '61iYZYTqBsL._SL1000_.jpg', 0, 'In Stock', '2017-05-03 19:29:10', ''),
(74, 7, 18, 'T-shirts', 'polo', 199, 499, 'silk', '711e8VMTMwL._UL1500_.jpg', '710bTQw5osL._UL1500_.jpg', '719m46XA1YL._UL1500_.jpg', 49, 'In Stock', '2017-05-03 20:22:24', ''),
(75, 7, 18, 'Slim Fit Joggers', 'joggers', 699, 1099, '<ul class="fnl-pdp-bullets" style="box-sizing: border-box; margin-top: 12px; margin-bottom: 0px; margin-left: 0px; color: rgb(51, 51, 51); font-family: SourceSansPro; font-size: 14px;"><li style="box-sizing: border-box; list-style-type: disc; padding: 1px 0px;"><h3 style="box-sizing: border-box; font-weight: inherit; line-height: 1.1; color: inherit; margin-bottom: 0px; font-size: 14px;">Cotton fabric on the inside and polyester on the outside</h3></li><li style="box-sizing: border-box; list-style-type: disc; padding: 1px 0px;"><h3 style="box-sizing: border-box; font-weight: inherit; line-height: 1.1; color: inherit; margin-bottom: 0px; font-size: 14px;">Interlock poly cotton</h3></li><li style="box-sizing: border-box; list-style-type: disc; padding: 1px 0px;"><div><br></div></li></ul>', '-1117Wx1400H-440742152-navy-MODEL3.jpg', '-473Wx593H-440742152-navy-OUTFIT.jpg', '-1117Wx1400H-440742152-navy-MODEL4.jpg', 0, 'In Stock', '2017-05-03 20:29:44', ''),
(76, 7, 19, 'Instafab Boys Plain Zipper', 'zipper', 669, 979, '<ul class="a-unordered-list a-vertical a-spacing-none" style="box-sizing: border-box; margin-left: 18px; color: rgb(148, 148, 148); font-family: &quot;Amazon Ember&quot;, Arial, sans-serif; margin-bottom: 0px !important;"><li style="box-sizing: border-box; list-style: disc; word-wrap: break-word; margin: 0px;"><span class="a-list-item" style="box-sizing: border-box; color: rgb(17, 17, 17); word-wrap: break-word; display: block;">100% Cotton, Bio wash for smoothness, Enzyme treamment with colour lock</span></li><li style="box-sizing: border-box; list-style: disc; word-wrap: break-word; margin: 0px;"><span class="a-list-item" style="box-sizing: border-box; color: rgb(17, 17, 17); word-wrap: break-word; display: block;">Comfortable Contour fit, Soft on the skin, gets even better after wash</span></li></ul>', '61UQr2zqGGL._UL1500_.jpg', '71h+uiITiZL._UL1500_.jpg', '714JeM5bMtL._UL1500_.jpg', 49, 'In Stock', '2017-05-03 20:37:34', ''),
(77, 7, 19, 'Smart set of 2 track pants ', 'joggers', 650, 1000, '<ul class="a-unordered-list a-vertical a-spacing-none" style="box-sizing: border-box; margin-left: 18px; color: rgb(148, 148, 148); font-family: &quot;Amazon Ember&quot;, Arial, sans-serif; margin-bottom: 0px !important;"><li style="box-sizing: border-box; list-style: disc; word-wrap: break-word; margin: 0px;"><span class="a-list-item" style="box-sizing: border-box; color: rgb(17, 17, 17); word-wrap: break-word; display: block;">Pack of 2</span></li><li style="box-sizing: border-box; list-style: disc; word-wrap: break-word; margin: 0px;"><span class="a-list-item" style="box-sizing: border-box; color: rgb(17, 17, 17); word-wrap: break-word; display: block;">6-7 Years</span></li><li style="box-sizing: border-box; list-style: disc; word-wrap: break-word; margin: 0px;"><span class="a-list-item" style="box-sizing: border-box; color: rgb(17, 17, 17); word-wrap: break-word; display: block;">Hosiery Cotton</span></li><li style="box-sizing: border-box; list-style: disc; word-wrap: break-word; margin: 0px;"><span class="a-list-item" style="box-sizing: border-box; color: rgb(17, 17, 17); word-wrap: break-word; display: block;">Gray and Navy Blue</span></li><li style="box-sizing: border-box; list-style: disc; word-wrap: break-word; margin: 0px;"><span class="a-list-item" style="box-sizing: border-box; color: rgb(17, 17, 17); word-wrap: break-word; display: block;">Length 28</span></li></ul>', '81B8OjAIw3L._UL1500_.jpg', '51x4fG+KATL._UL1500_.jpg', '616nHzJ89SL._UL1500_.jpg', 0, 'In Stock', '2017-05-03 20:41:55', ''),
(78, 7, 19, 'Kids Cotton Printed Track Pant', 'Zipper', 99, 999, '<ul class="a-unordered-list a-vertical a-spacing-none" style="box-sizing: border-box; margin-left: 18px; color: rgb(148, 148, 148); font-family: &quot;Amazon Ember&quot;, Arial, sans-serif; margin-bottom: 0px !important;"><li style="box-sizing: border-box; list-style: disc; word-wrap: break-word; margin: 0px;"><span class="a-list-item" style="box-sizing: border-box; color: rgb(17, 17, 17); word-wrap: break-word; display: block;">Material: Superior Quality Cotton</span></li><li style="box-sizing: border-box; list-style: disc; word-wrap: break-word; margin: 0px;"><span class="a-list-item" style="box-sizing: border-box; color: rgb(17, 17, 17); word-wrap: break-word; display: block;">Fit Type: Regular Fit</span></li><li style="box-sizing: border-box; list-style: disc; word-wrap: break-word; margin: 0px;"><span class="a-list-item" style="box-sizing: border-box; color: rgb(17, 17, 17); word-wrap: break-word; display: block;">Care Instructions: Regular hand wash</span></li><li style="box-sizing: border-box; list-style: disc; word-wrap: break-word; margin: 0px;"><span class="a-list-item" style="box-sizing: border-box; color: rgb(17, 17, 17); word-wrap: break-word; display: block;">Occasion: Casual</span></li></ul>', '71RHo-tStyL._UL1500_.jpg', '71O56ZpnArL._UL1500_.jpg', '', 29, 'In Stock', '2017-05-03 20:44:57', '');

-- --------------------------------------------------------

--
-- Table structure for table `subcategory`
--

CREATE TABLE `subcategory` (
  `id` int(11) NOT NULL,
  `categoryid` int(11) NOT NULL,
  `subcategory` varchar(255) NOT NULL,
  `creationDate` timestamp NOT NULL DEFAULT CURRENT_TIMESTAMP,
  `updationDate` varchar(255) NOT NULL
) ENGINE=InnoDB DEFAULT CHARSET=latin1;

--
-- Dumping data for table `subcategory`
--

INSERT INTO `subcategory` (`id`, `categoryid`, `subcategory`, `creationDate`, `updationDate`) VALUES
(2, 4, 'Led Television', '2017-01-26 16:24:52', '26-01-2017 11:03:40 PM'),
(4, 4, 'Mobiles', '2017-01-30 16:55:48', ''),
(5, 4, 'Mobile Accessories', '2017-02-04 04:12:40', ''),
(6, 4, 'Laptops', '2017-02-04 04:13:00', ''),
(8, 3, 'Comics', '2017-02-04 04:13:54', ''),
(9, 5, 'Beds', '2017-02-04 04:36:45', ''),
(10, 5, 'Sofas', '2017-02-04 04:37:02', ''),
(11, 5, 'Dining Tables', '2017-02-04 04:37:51', ''),
(12, 6, 'Men Footwears', '2017-03-10 20:12:59', ''),
(14, 3, 'Arts, Film & Photography Books', '2017-05-02 16:32:49', ''),
(17, 7, 'Women Sportswear ', '2017-05-03 16:00:09', ''),
(18, 7, 'Men Sportswear', '2017-05-03 19:25:38', ''),
(19, 7, 'Kids Sportswear', '2017-05-03 20:35:06', '');

-- --------------------------------------------------------

--
-- Table structure for table `userlog`
--

CREATE TABLE `userlog` (
  `id` int(11) NOT NULL,
  `userEmail` varchar(255) NOT NULL,
  `userip` binary(16) NOT NULL,
  `loginTime` timestamp NOT NULL DEFAULT CURRENT_TIMESTAMP,
  `logout` varchar(255) NOT NULL,
  `status` int(11) NOT NULL
) ENGINE=InnoDB DEFAULT CHARSET=latin1;

--
-- Dumping data for table `userlog`
--

INSERT INTO `userlog` (`id`, `userEmail`, `userip`, `loginTime`, `logout`, `status`) VALUES
(1, 'anuj.lpu1@gmail.com', 0x3a3a3100000000000000000000000000, '2017-02-26 11:18:50', '', 1),
(2, 'anuj.lpu1@gmail.com', 0x3a3a3100000000000000000000000000, '2017-02-26 11:29:33', '', 1),
(3, 'anuj.lpu1@gmail.com', 0x3a3a3100000000000000000000000000, '2017-02-26 11:30:11', '', 1),
(4, 'anuj.lpu1@gmail.com', 0x3a3a3100000000000000000000000000, '2017-02-26 15:00:23', '26-02-2017 11:12:06 PM', 1),
(5, 'anuj.lpu1@gmail.com', 0x3a3a3100000000000000000000000000, '2017-02-26 18:08:58', '', 0),
(6, 'anuj.lpu1@gmail.com', 0x3a3a3100000000000000000000000000, '2017-02-26 18:09:41', '', 0),
(7, 'anuj.lpu1@gmail.com', 0x3a3a3100000000000000000000000000, '2017-02-26 18:10:04', '', 0),
(8, 'anuj.lpu1@gmail.com', 0x3a3a3100000000000000000000000000, '2017-02-26 18:10:31', '', 0),
(9, 'anuj.lpu1@gmail.com', 0x3a3a3100000000000000000000000000, '2017-02-26 18:13:43', '', 1),
(10, 'anuj.lpu1@gmail.com', 0x3a3a3100000000000000000000000000, '2017-02-27 18:52:58', '', 0),
(11, 'anuj.lpu1@gmail.com', 0x3a3a3100000000000000000000000000, '2017-02-27 18:53:07', '', 1),
(12, 'anuj.lpu1@gmail.com', 0x3a3a3100000000000000000000000000, '2017-03-03 18:00:09', '', 0),
(13, 'anuj.lpu1@gmail.com', 0x3a3a3100000000000000000000000000, '2017-03-03 18:00:15', '', 1),
(14, 'anuj.lpu1@gmail.com', 0x3a3a3100000000000000000000000000, '2017-03-06 18:10:26', '', 1),
(15, 'anuj.lpu1@gmail.com', 0x3a3a3100000000000000000000000000, '2017-03-07 12:28:16', '', 1),
(16, 'anuj.lpu1@gmail.com', 0x3a3a3100000000000000000000000000, '2017-03-07 18:43:27', '', 1),
(17, 'anuj.lpu1@gmail.com', 0x3a3a3100000000000000000000000000, '2017-03-07 18:55:33', '', 1),
(18, 'anuj.lpu1@gmail.com', 0x3a3a3100000000000000000000000000, '2017-03-07 19:44:29', '', 1),
(19, 'anuj.lpu1@gmail.com', 0x3a3a3100000000000000000000000000, '2017-03-08 19:21:15', '', 1),
(20, 'anuj.lpu1@gmail.com', 0x3a3a3100000000000000000000000000, '2017-03-15 17:19:38', '', 1),
(21, 'anuj.lpu1@gmail.com', 0x3a3a3100000000000000000000000000, '2017-03-15 17:20:36', '15-03-2017 10:50:39 PM', 1),
(22, 'anuj.lpu1@gmail.com', 0x3a3a3100000000000000000000000000, '2017-03-16 01:13:57', '', 1),
(23, 'yogesh199547@gmail.com', 0x3a3a3100000000000000000000000000, '2017-05-03 14:00:32', '', 1),
(24, 'yogesh199547@gmail.com', 0x3a3a3100000000000000000000000000, '2017-05-04 14:20:51', '', 1);

-- --------------------------------------------------------

--
-- Table structure for table `users`
--

CREATE TABLE `users` (
  `id` int(11) NOT NULL,
  `name` varchar(255) NOT NULL,
  `email` varchar(255) NOT NULL,
  `contactno` bigint(11) NOT NULL,
  `password` varchar(255) NOT NULL,
  `shippingAddress` longtext NOT NULL,
  `shippingState` varchar(255) NOT NULL,
  `shippingCity` varchar(255) NOT NULL,
  `shippingPincode` int(11) NOT NULL,
  `billingAddress` longtext NOT NULL,
  `billingState` varchar(255) NOT NULL,
  `billingCity` varchar(255) NOT NULL,
  `billingPincode` int(11) NOT NULL,
  `regDate` timestamp NOT NULL DEFAULT CURRENT_TIMESTAMP,
  `updationDate` varchar(255) NOT NULL
) ENGINE=InnoDB DEFAULT CHARSET=latin1;

--
-- Dumping data for table `users`
--

INSERT INTO `users` (`id`, `name`, `email`, `contactno`, `password`, `shippingAddress`, `shippingState`, `shippingCity`, `shippingPincode`, `billingAddress`, `billingState`, `billingCity`, `billingPincode`, `regDate`, `updationDate`) VALUES
(1, 'Anuj Kumar', 'anuj.lpu1@gmail.com', 9009857868, 'f925916e2754e5e03f75dd58a5733251', 'CS New Delhi', 'New Delhi', 'Delhi', 110001, 'New Delhi', 'New Delhi', 'Delhi', 110092, '2017-02-04 19:30:50', ''),
(2, 'Amit ', 'amit@gmail.com', 8285703355, '5c428d8875d2948607f3e3fe134d71b4', '', '', '', 0, '', '', '', 0, '2017-03-15 17:21:22', ''),
(3, 'yogesh', 'yogesh199547@gmail.com', 7060141522, '221eec8fa3f1358f4b52f5c8c8aec0e1', '', '', '', 0, '', '', '', 0, '2017-05-03 13:59:18', '');

-- --------------------------------------------------------

--
-- Table structure for table `wishlist`
--

CREATE TABLE `wishlist` (
  `id` int(11) NOT NULL,
  `userId` int(11) NOT NULL,
  `productId` int(11) NOT NULL,
  `postingDate` timestamp NOT NULL DEFAULT CURRENT_TIMESTAMP
) ENGINE=InnoDB DEFAULT CHARSET=latin1;

--
-- Dumping data for table `wishlist`
--

INSERT INTO `wishlist` (`id`, `userId`, `productId`, `postingDate`) VALUES
(1, 1, 0, '2017-02-27 18:53:17'),
(2, 1, 19, '2017-05-02 15:24:54'),
(3, 9, 4, '2017-05-03 21:20:50');

--
-- Indexes for dumped tables
--

--
-- Indexes for table `admin`
--
ALTER TABLE `admin`
  ADD PRIMARY KEY (`id`);

--
-- Indexes for table `category`
--
ALTER TABLE `category`
  ADD PRIMARY KEY (`id`);

--
-- Indexes for table `orders`
--
ALTER TABLE `orders`
  ADD PRIMARY KEY (`id`);

--
-- Indexes for table `ordertrackhistory`
--
ALTER TABLE `ordertrackhistory`
  ADD PRIMARY KEY (`id`);

--
-- Indexes for table `productreviews`
--
ALTER TABLE `productreviews`
  ADD PRIMARY KEY (`id`);

--
-- Indexes for table `products`
--
ALTER TABLE `products`
  ADD PRIMARY KEY (`id`);

--
-- Indexes for table `subcategory`
--
ALTER TABLE `subcategory`
  ADD PRIMARY KEY (`id`);

--
-- Indexes for table `userlog`
--
ALTER TABLE `userlog`
  ADD PRIMARY KEY (`id`);

--
-- Indexes for table `users`
--
ALTER TABLE `users`
  ADD PRIMARY KEY (`id`);

--
-- Indexes for table `wishlist`
--
ALTER TABLE `wishlist`
  ADD PRIMARY KEY (`id`);

--
-- AUTO_INCREMENT for dumped tables
--

--
-- AUTO_INCREMENT for table `admin`
--
ALTER TABLE `admin`
  MODIFY `id` int(11) NOT NULL AUTO_INCREMENT, AUTO_INCREMENT=2;
--
-- AUTO_INCREMENT for table `category`
--
ALTER TABLE `category`
  MODIFY `id` int(11) NOT NULL AUTO_INCREMENT, AUTO_INCREMENT=8;
--
-- AUTO_INCREMENT for table `orders`
--
ALTER TABLE `orders`
  MODIFY `id` int(11) NOT NULL AUTO_INCREMENT, AUTO_INCREMENT=13;
--
-- AUTO_INCREMENT for table `ordertrackhistory`
--
ALTER TABLE `ordertrackhistory`
  MODIFY `id` int(11) NOT NULL AUTO_INCREMENT, AUTO_INCREMENT=5;
--
-- AUTO_INCREMENT for table `productreviews`
--
ALTER TABLE `productreviews`
  MODIFY `id` int(11) NOT NULL AUTO_INCREMENT, AUTO_INCREMENT=6;
--
-- AUTO_INCREMENT for table `products`
--
ALTER TABLE `products`
  MODIFY `id` int(11) NOT NULL AUTO_INCREMENT, AUTO_INCREMENT=79;
--
-- AUTO_INCREMENT for table `subcategory`
--
ALTER TABLE `subcategory`
  MODIFY `id` int(11) NOT NULL AUTO_INCREMENT, AUTO_INCREMENT=20;
--
-- AUTO_INCREMENT for table `userlog`
--
ALTER TABLE `userlog`
  MODIFY `id` int(11) NOT NULL AUTO_INCREMENT, AUTO_INCREMENT=25;
--
-- AUTO_INCREMENT for table `users`
--
ALTER TABLE `users`
  MODIFY `id` int(11) NOT NULL AUTO_INCREMENT, AUTO_INCREMENT=4;
--
-- AUTO_INCREMENT for table `wishlist`
--
ALTER TABLE `wishlist`
  MODIFY `id` int(11) NOT NULL AUTO_INCREMENT, AUTO_INCREMENT=4;
/*!40101 SET CHARACTER_SET_CLIENT=@OLD_CHARACTER_SET_CLIENT */;
/*!40101 SET CHARACTER_SET_RESULTS=@OLD_CHARACTER_SET_RESULTS */;
/*!40101 SET COLLATION_CONNECTION=@OLD_COLLATION_CONNECTION */;
